Lasso_0.0005,Lasso_0.001,Lasso_0.0015,Lasso_0.002,Lasso_0.0025,Lasso_0.003,Lasso_0.0035,Lasso_0.004,Lasso_0.0045000000000000005,Lasso_0.005000000000000001,Lasso_0.005500000000000001,Lasso_0.006000000000000002,Lasso_0.006500000000000002,Lasso_0.007000000000000003,Lasso_0.007500000000000003,Lasso_0.008000000000000004,Lasso_0.008500000000000004,Lasso_0.009000000000000005,Lasso_0.009500000000000005,Lasso_0.010000000000000005,Lasso_0.010500000000000006,Lasso_0.011000000000000006,Lasso_0.011500000000000007,Lasso_0.012000000000000007,Lasso_0.012500000000000008,Lasso_0.013000000000000008,Lasso_0.013500000000000009,Lasso_0.014000000000000009
BattV_Min,BattV_Min,BattV_Min,BattV_Min,BattV_Min,Irradiation_Tot,Irradiation_Tot,Irradiation_Tot,Irradiation_Tot,Irradiation_Tot,Irradiation_Tot,Irradiation_Tot,Irradiation_Tot,Irradiation_Tot,Irradiation_Tot,Irradiation_Tot,Irradiation_Tot,Irradiation_Tot,Irradiation_Tot,Irradiation_Tot,Irradiation_Tot,Irradiation_Tot,Irradiation_Tot,Irradiation_Tot,Irradiation_Tot,Irradiation_Tot,Irradiation_Tot,Irradiation_Tot
Wind_Chill_Avg,Wind_Chill_Avg,Wind_Chill_Avg,Wind_Chill_Avg,Wind_Chill_Avg,T_amb_Max,T_amb_Max,T_amb_Max,T_amb_Avg,T_amb_Avg,T_amb_Avg,T_amb_Avg,T_amb_Avg,T_amb_Avg,Wind_Direction_Std,,,,,,,,,,,,,
T_Wet_Bulb_Avg,T_Wet_Bulb_Avg,T_amb_Avg,T_amb_Avg,Irradiation_Tot,T_amb_Avg,T_amb_Avg,T_amb_Avg,T_amb_Max,Wind_Direction_Std,Wind_Direction_Std,Wind_Direction_Std,Wind_Direction_Std,Wind_Direction_Std,,,,,,,,,,,,,,
T_amb_Avg,T_amb_Avg,T_amb_Max,T_amb_Max,T_amb_Max,Wind_Chill_Avg,Wind_Chill_Avg,Wind_Chill_Avg,Wind_Chill_Avg,T_amb_Max,Heat_Inedx_Avg,,,,,,,,,,,,,,,,,
T_air,T_amb_Max,Irradiation_Tot,Irradiation_Tot,T_amb_Avg,BattV_Min,Pot_Irradiance_Avg,Pot_Irradiance_Avg,Wind_Direction_Std,Heat_Inedx_Avg,,,,,,,,,,,,,,,,,,
Pot_Irradiance_Avg,T_air,T_Wet_Bulb_Avg,Pot_Irradiance_Avg,Pot_Irradiance_Avg,Pot_Irradiance_Avg,Wind_Direction_Std,Wind_Direction_Std,Pot_Irradiance_Avg,Wind_Chill_Avg,,,,,,,,,,,,,,,,,,
T_amb_Max,Irradiation_Tot,Pot_Irradiance_Avg,T_Wet_Bulb_Avg,T_Wet_Bulb_Avg,Wind_Direction_Std,BattV_Min,Heat_Inedx_Avg,Heat_Inedx_Avg,Pot_Irradiance_Avg,,,,,,,,,,,,,,,,,,
Irradiation_Tot,Pot_Irradiance_Avg,T_air,T_air,T_air,Heat_Inedx_Avg,Heat_Inedx_Avg,Wind_Speed_Max,,,,,,,,,,,,,,,,,,,,
Precipitation_Tot,P_Sat_vap_Avg,P_Sat_vap_Avg,P_Sat_vap_Avg,Wind_Speed_Max,Wind_Speed_Max,Wind_Speed_Max,,,,,,,,,,,,,,,,,,,,,
P_atm_q,Wind_Speed_Max,Wind_Speed_Max,Wind_Speed_Max,Wind_Direction_Std,T_Wet_Bulb_Avg,,,,,,,,,,,,,,,,,,,,,,
Wind_Speed_Max,P_atm_q,Wind_Direction_Std,Wind_Direction_Std,P_Sat_vap_Avg,T_air,,,,,,,,,,,,,,,,,,,,,,
P_Sat_vap_Avg,T_amb_Min,P_atm_q,Heat_Inedx_Avg,Heat_Inedx_Avg,P_Sat_vap_Avg,,,,,,,,,,,,,,,,,,,,,,
T_amb_Min,Wind_Direction_Std,,,,,,,,,,,,,,,,,,,,,,,,,,
Sun_Hrs_Tot,,,,,,,,,,,,,,,,,,,,,,,,,,,
Wind_Direction_Std,,,,,,,,,,,,,,,,,,,,,,,,,,,
