Lasso_1e-05,Lasso_3.0000000000000004e-05,Lasso_5.000000000000001e-05,Lasso_7.000000000000001e-05,Lasso_9e-05,Lasso_0.00011,Lasso_0.00013000000000000002,Lasso_0.00015000000000000001,Lasso_0.00017,Lasso_0.00019,Lasso_0.00021,Lasso_0.00023,Lasso_0.00025,Lasso_0.00027,Lasso_0.00029,Lasso_0.00031,Lasso_0.00033,Lasso_0.00035,Lasso_0.00037,Lasso_0.00039,Lasso_0.00041,Lasso_0.00043,Lasso_0.00045,Lasso_0.00047,Lasso_0.00049,Lasso_0.00051,Lasso_0.0005300000000000001,Lasso_0.0005500000000000001,Lasso_0.0005700000000000002,Lasso_0.0005900000000000002,Lasso_0.0006100000000000003,Lasso_0.0006300000000000004,Lasso_0.0006500000000000004
BattV_Min,BattV_Min,BattV_Min,BattV_Min,BattV_Min,BattV_Min,BattV_Min,BattV_Min,BattV_Min,BattV_Min,BattV_Min,BattV_Min,BattV_Min,BattV_Min,BattV_Min,BattV_Min,BattV_Min,BattV_Min,BattV_Min,BattV_Min,BattV_Min,BattV_Min,BattV_Min,BattV_Min,BattV_Min,BattV_Min,BattV_Min,BattV_Min,BattV_Min,BattV_Min,BattV_Min,BattV_Min,BattV_Min
Wind_Chill_Avg,Wind_Chill_Avg,Wind_Chill_Avg,Wind_Chill_Avg,Wind_Chill_Avg,Wind_Chill_Avg,Wind_Chill_Avg,Wind_Chill_Avg,Wind_Chill_Avg,Wind_Chill_Avg,Wind_Chill_Avg,Wind_Chill_Avg,Wind_Chill_Avg,Wind_Chill_Avg,Wind_Chill_Avg,Wind_Chill_Avg,Wind_Chill_Avg,Wind_Chill_Avg,Wind_Chill_Avg,Wind_Chill_Avg,Wind_Chill_Avg,Wind_Chill_Avg,Wind_Chill_Avg,Wind_Chill_Avg,Wind_Chill_Avg,Wind_Chill_Avg,Wind_Chill_Avg,Wind_Chill_Avg,Wind_Chill_Avg,Wind_Chill_Avg,Wind_Chill_Avg,Wind_Chill_Avg,Wind_Chill_Avg
Precipitation_Tot,Precipitation_Tot,Precipitation_Tot,Precipitation_Tot,Precipitation_Tot,T_Wet_Bulb_Avg,T_Wet_Bulb_Avg,T_Wet_Bulb_Avg,T_Wet_Bulb_Avg,T_Wet_Bulb_Avg,T_Wet_Bulb_Avg,T_Wet_Bulb_Avg,T_Wet_Bulb_Avg,T_Wet_Bulb_Avg,T_Wet_Bulb_Avg,T_Wet_Bulb_Avg,T_Wet_Bulb_Avg,T_Wet_Bulb_Avg,T_Wet_Bulb_Avg,T_Wet_Bulb_Avg,T_Wet_Bulb_Avg,T_Wet_Bulb_Avg,T_Wet_Bulb_Avg,T_Wet_Bulb_Avg,T_Wet_Bulb_Avg,T_Wet_Bulb_Avg,T_Wet_Bulb_Avg,T_Wet_Bulb_Avg,T_Wet_Bulb_Avg,T_Wet_Bulb_Avg,T_Wet_Bulb_Avg,T_Wet_Bulb_Avg,T_Wet_Bulb_Avg
T_Wet_Bulb_Avg,T_Wet_Bulb_Avg,T_Wet_Bulb_Avg,T_Wet_Bulb_Avg,T_Wet_Bulb_Avg,Precipitation_Tot,Precipitation_Tot,Precipitation_Tot,Precipitation_Tot,Precipitation_Tot,Precipitation_Tot,Precipitation_Tot,Precipitation_Tot,T_air,T_air,T_air,T_air,T_air,T_air,T_air,T_air,T_air,T_amb_Avg,T_amb_Avg,T_amb_Avg,T_amb_Avg,T_amb_Avg,T_amb_Avg,T_amb_Avg,T_amb_Avg,T_amb_Avg,T_amb_Avg,T_amb_Avg
T_air,T_air,T_air,T_air,T_air,T_air,T_air,T_air,T_air,T_air,T_air,T_air,T_air,Precipitation_Tot,T_amb_Avg,T_amb_Avg,T_amb_Avg,T_amb_Avg,T_amb_Avg,T_amb_Avg,T_amb_Avg,T_amb_Avg,T_air,T_air,T_air,T_air,T_air,T_air,T_air,T_air,T_air,T_air,T_air
T_amb_Avg,T_amb_Avg,T_amb_Avg,T_amb_Avg,T_amb_Avg,T_amb_Avg,T_amb_Avg,T_amb_Avg,T_amb_Avg,T_amb_Avg,T_amb_Avg,T_amb_Avg,T_amb_Avg,T_amb_Avg,Precipitation_Tot,Precipitation_Tot,Precipitation_Tot,Precipitation_Tot,Pot_Irradiance_Avg,Pot_Irradiance_Avg,Pot_Irradiance_Avg,Pot_Irradiance_Avg,Pot_Irradiance_Avg,Pot_Irradiance_Avg,Pot_Irradiance_Avg,Pot_Irradiance_Avg,Pot_Irradiance_Avg,Pot_Irradiance_Avg,Pot_Irradiance_Avg,Pot_Irradiance_Avg,Pot_Irradiance_Avg,Pot_Irradiance_Avg,Pot_Irradiance_Avg
Pot_Irradiance_Avg,Pot_Irradiance_Avg,Pot_Irradiance_Avg,Pot_Irradiance_Avg,Pot_Irradiance_Avg,Pot_Irradiance_Avg,Pot_Irradiance_Avg,Pot_Irradiance_Avg,Pot_Irradiance_Avg,Pot_Irradiance_Avg,Pot_Irradiance_Avg,Pot_Irradiance_Avg,Pot_Irradiance_Avg,Pot_Irradiance_Avg,Pot_Irradiance_Avg,Pot_Irradiance_Avg,Pot_Irradiance_Avg,Pot_Irradiance_Avg,Precipitation_Tot,Precipitation_Tot,T_amb_Max,T_amb_Max,T_amb_Max,T_amb_Max,T_amb_Max,T_amb_Max,T_amb_Max,T_amb_Max,T_amb_Max,T_amb_Max,T_amb_Max,T_amb_Max,T_amb_Max
Irradiation_Tot,Irradiation_Tot,Irradiation_Tot,Irradiation_Tot,Irradiation_Tot,Irradiation_Tot,Irradiation_Tot,Irradiation_Tot,T_amb_Max,T_amb_Max,T_amb_Max,T_amb_Max,T_amb_Max,T_amb_Max,T_amb_Max,T_amb_Max,T_amb_Max,T_amb_Max,T_amb_Max,T_amb_Max,Precipitation_Tot,Irradiation_Tot,Irradiation_Tot,Irradiation_Tot,Irradiation_Tot,Irradiation_Tot,Irradiation_Tot,Irradiation_Tot,Irradiation_Tot,Irradiation_Tot,Irradiation_Tot,Irradiation_Tot,Irradiation_Tot
Wind_Speed_Max,RH_Avg,RH_Avg,RH_Avg,T_amb_Max,T_amb_Max,T_amb_Max,T_amb_Max,Irradiation_Tot,Irradiation_Tot,Irradiation_Tot,Irradiation_Tot,Irradiation_Tot,Irradiation_Tot,Irradiation_Tot,Irradiation_Tot,Irradiation_Tot,Irradiation_Tot,Irradiation_Tot,Irradiation_Tot,Irradiation_Tot,Precipitation_Tot,Precipitation_Tot,Precipitation_Tot,Precipitation_Tot,P_atm_q,P_atm_q,P_atm_q,P_atm_q,Wind_Speed_Max,Wind_Speed_Max,Wind_Speed_Max,Wind_Speed_Max
RH_Avg,Wind_Speed_Max,T_amb_Max,T_amb_Max,RH_Avg,RH_Avg,T_amb_Min,T_amb_Min,T_amb_Min,T_amb_Min,T_amb_Min,T_amb_Min,T_amb_Min,T_amb_Min,T_amb_Min,P_atm_q,P_atm_q,P_atm_q,P_atm_q,P_atm_q,P_atm_q,P_atm_q,P_atm_q,P_atm_q,P_atm_q,Wind_Speed_Max,Wind_Speed_Max,Wind_Speed_Max,Wind_Speed_Max,P_atm_q,P_atm_q,P_Sat_vap_Avg,P_Sat_vap_Avg
T_amb_Max,T_amb_Max,T_amb_Min,T_amb_Min,T_amb_Min,T_amb_Min,RH_Avg,P_atm_q,P_atm_q,P_atm_q,P_atm_q,P_atm_q,P_atm_q,P_atm_q,P_atm_q,T_amb_Min,T_amb_Min,T_amb_Min,T_amb_Min,T_amb_Min,T_amb_Min,Wind_Speed_Max,Wind_Speed_Max,Wind_Speed_Max,Wind_Speed_Max,Precipitation_Tot,P_Sat_vap_Avg,P_Sat_vap_Avg,P_Sat_vap_Avg,P_Sat_vap_Avg,P_Sat_vap_Avg,P_atm_q,P_atm_q
T_amb_Min,T_amb_Min,Wind_Speed_Max,P_atm_q,P_atm_q,P_atm_q,P_atm_q,RH_Avg,RH_Avg,RH_Avg,Wind_Speed_Max,Wind_Speed_Max,Wind_Speed_Max,Wind_Speed_Max,Wind_Speed_Max,Wind_Speed_Max,Wind_Speed_Max,Wind_Speed_Max,Wind_Speed_Max,Wind_Speed_Max,Wind_Speed_Max,T_amb_Min,P_Sat_vap_Avg,P_Sat_vap_Avg,P_Sat_vap_Avg,P_Sat_vap_Avg,T_amb_Min,T_amb_Min,T_amb_Min,T_amb_Min,T_amb_Min,T_amb_Min,T_amb_Min
P_atm_q,P_atm_q,P_atm_q,Sun_Hrs_Tot,Sun_Hrs_Tot,Sun_Hrs_Tot,Sun_Hrs_Tot,Sun_Hrs_Tot,Sun_Hrs_Tot,Wind_Speed_Max,Sun_Hrs_Tot,Sun_Hrs_Tot,Sun_Hrs_Tot,P_Sat_vap_Avg,P_Sat_vap_Avg,P_Sat_vap_Avg,P_Sat_vap_Avg,P_Sat_vap_Avg,P_Sat_vap_Avg,P_Sat_vap_Avg,P_Sat_vap_Avg,P_Sat_vap_Avg,T_amb_Min,T_amb_Min,T_amb_Min,T_amb_Min,Precipitation_Tot,Precipitation_Tot,Precipitation_Tot,Precipitation_Tot,Precipitation_Tot,Wind_Direction_Std,Wind_Direction_Std
Dew_Point_Avg,Dew_Point_Avg,Sun_Hrs_Tot,Wind_Speed_Max,Dew_Point_Avg,Wind_Speed_Max,Wind_Speed_Max,Wind_Speed_Max,Wind_Speed_Max,Sun_Hrs_Tot,RH_Avg,RH_Avg,P_Sat_vap_Avg,Sun_Hrs_Tot,Sun_Hrs_Tot,Sun_Hrs_Tot,Sun_Hrs_Tot,Sun_Hrs_Tot,Sun_Hrs_Tot,Sun_Hrs_Tot,Sun_Hrs_Tot,Sun_Hrs_Tot,Sun_Hrs_Tot,Sun_Hrs_Tot,Sun_Hrs_Tot,Wind_Direction_Std,Wind_Direction_Std,Wind_Direction_Std,Wind_Direction_Std,Wind_Direction_Std,Wind_Direction_Std,Precipitation_Tot,Precipitation_Tot
Sun_Hrs_Tot,Sun_Hrs_Tot,Dew_Point_Avg,Dew_Point_Avg,Wind_Speed_Max,Dew_Point_Avg,Dew_Point_Avg,Dew_Point_Avg,P_Sat_vap_Avg,P_Sat_vap_Avg,P_Sat_vap_Avg,P_Sat_vap_Avg,RH_Avg,RH_Avg,RH_Avg,RH_Avg,RH_Avg,Wind_Direction_Std,Wind_Direction_Std,Wind_Direction_Std,Wind_Direction_Std,Wind_Direction_Std,Wind_Direction_Std,Wind_Direction_Std,Wind_Direction_Std,Sun_Hrs_Tot,Sun_Hrs_Tot,Sun_Hrs_Tot,Sun_Hrs_Tot,Sun_Hrs_Tot,Sun_Hrs_Tot,Sun_Hrs_Tot,
Wind_Speed_Std,Irradiance_Avg,Irradiance_Avg,Irradiance_Avg,Irradiance_Avg,Irradiance_Avg,P_Sat_vap_Avg,P_Sat_vap_Avg,Dew_Point_Avg,Dew_Point_Avg,Wind_Direction_Std,Wind_Direction_Std,Wind_Direction_Std,Wind_Direction_Std,Wind_Direction_Std,Wind_Direction_Std,Wind_Direction_Std,RH_Avg,RH_Avg,RH_Avg,Wind_Speed_Avg,Wind_Speed_Avg,Wind_Speed_Avg,,,,,,,,,,
Irradiance_Avg,Wind_Speed_Std,Wind_Speed_Std,P_Sat_vap_Avg,P_Sat_vap_Avg,P_Sat_vap_Avg,Irradiance_Avg,Irradiance_Avg,Wind_Direction_Std,Wind_Direction_Std,Dew_Point_Avg,Wind_Speed_Avg,Wind_Speed_Avg,Wind_Speed_Avg,Wind_Speed_Avg,Wind_Speed_Avg,Wind_Speed_Avg,Wind_Speed_Avg,Wind_Speed_Avg,Wind_Speed_Avg,RH_Avg,,,,,,,,,,,,
Heat_Inedx_Avg,Wind_Direction_Std,Wind_Direction_Std,Wind_Direction_Std,Wind_Direction_Std,Wind_Direction_Std,Wind_Direction_Std,Wind_Direction_Std,Irradiance_Avg,Wind_Speed_Avg,Wind_Speed_Avg,Dew_Point_Avg,Dew_Point_Avg,,,,,,,,,,,,,,,,,,,,
Wind_Direction_Std,P_Sat_vap_Avg,P_Sat_vap_Avg,Wind_Speed_Std,Wind_Speed_Avg,Wind_Speed_Avg,Wind_Speed_Avg,Wind_Speed_Avg,Wind_Speed_Avg,Irradiance_Avg,Irradiance_Avg,Irradiance_Avg,,,,,,,,,,,,,,,,,,,,,
P_Sat_vap_Avg,Wind_Speed_Avg,Wind_Speed_Avg,Wind_Speed_Avg,,,,,,,,,,,,,,,,,,,,,,,,,,,,,
Wind_Direction_Avg,Wind_Direction_Avg,Wind_Direction_Avg,Wind_Direction_Avg,,,,,,,,,,,,,,,,,,,,,,,,,,,,,
Wind_Direction_SMM,Wind_Direction_SMM,Wind_Direction_SMM,,,,,,,,,,,,,,,,,,,,,,,,,,,,,,
Wind_Speed_Avg,,,,,,,,,,,,,,,,,,,,,,,,,,,,,,,,
