Lasso_0.003,Lasso_0.00305,Lasso_0.0031000000000000003,Lasso_0.0031500000000000005,Lasso_0.0032000000000000006,Lasso_0.0032500000000000007,Lasso_0.003300000000000001,Lasso_0.003350000000000001,Lasso_0.003400000000000001,Lasso_0.0034500000000000012
Irradiation_Tot,Irradiation_Tot,Irradiation_Tot,Irradiation_Tot,Irradiation_Tot,Irradiation_Tot,Irradiation_Tot,Irradiation_Tot,Irradiation_Tot,Irradiation_Tot
T_amb_Max,T_amb_Max,T_amb_Max,T_amb_Max,T_amb_Max,T_amb_Max,T_amb_Max,T_amb_Max,T_amb_Max,T_amb_Max
T_amb_Avg,T_amb_Avg,T_amb_Avg,T_amb_Avg,T_amb_Avg,T_amb_Avg,T_amb_Avg,T_amb_Avg,T_amb_Avg,T_amb_Avg
Wind_Chill_Avg,Wind_Chill_Avg,Wind_Chill_Avg,Wind_Chill_Avg,Wind_Chill_Avg,Wind_Chill_Avg,Wind_Chill_Avg,Wind_Chill_Avg,Wind_Chill_Avg,Wind_Chill_Avg
BattV_Min,BattV_Min,BattV_Min,BattV_Min,BattV_Min,BattV_Min,Pot_Irradiance_Avg,Pot_Irradiance_Avg,Pot_Irradiance_Avg,Pot_Irradiance_Avg
Pot_Irradiance_Avg,Pot_Irradiance_Avg,Pot_Irradiance_Avg,Pot_Irradiance_Avg,Pot_Irradiance_Avg,Pot_Irradiance_Avg,BattV_Min,BattV_Min,BattV_Min,Wind_Direction_Std
Wind_Direction_Std,Wind_Direction_Std,Heat_Inedx_Avg,Heat_Inedx_Avg,Heat_Inedx_Avg,Wind_Direction_Std,Wind_Direction_Std,Wind_Direction_Std,Wind_Direction_Std,BattV_Min
Heat_Inedx_Avg,Heat_Inedx_Avg,Wind_Direction_Std,Wind_Direction_Std,Wind_Direction_Std,Heat_Inedx_Avg,Heat_Inedx_Avg,Heat_Inedx_Avg,Heat_Inedx_Avg,Heat_Inedx_Avg
Wind_Speed_Max,Wind_Speed_Max,Wind_Speed_Max,Wind_Speed_Max,Wind_Speed_Max,Wind_Speed_Max,Wind_Speed_Max,Wind_Speed_Max,Wind_Speed_Max,Wind_Speed_Max
T_Wet_Bulb_Avg,T_Wet_Bulb_Avg,T_Wet_Bulb_Avg,T_Wet_Bulb_Avg,T_Wet_Bulb_Avg,,,,,
T_air,T_air,T_air,T_air,,,,,,
P_Sat_vap_Avg,P_Sat_vap_Avg,P_Sat_vap_Avg,,,,,,,
