Lasso_0.005,Lasso_0.00505,Lasso_0.0050999999999999995,Lasso_0.005149999999999999,Lasso_0.005199999999999999,Lasso_0.005249999999999999,Lasso_0.005299999999999998,Lasso_0.005349999999999998,Lasso_0.005399999999999998,Lasso_0.005449999999999997,Lasso_0.005499999999999997
Irradiation_Tot,Irradiation_Tot,Irradiation_Tot,Irradiation_Tot,Irradiation_Tot,Irradiation_Tot,Irradiation_Tot,Irradiation_Tot,Irradiation_Tot,Irradiation_Tot,Irradiation_Tot
T_amb_Avg,T_amb_Avg,T_amb_Avg,T_amb_Avg,T_amb_Avg,T_amb_Avg,T_amb_Avg,T_amb_Avg,T_amb_Avg,T_amb_Avg,T_amb_Avg
Wind_Direction_Std,Wind_Direction_Std,Wind_Direction_Std,Wind_Direction_Std,Wind_Direction_Std,Wind_Direction_Std,Wind_Direction_Std,Wind_Direction_Std,Wind_Direction_Std,Wind_Direction_Std,Wind_Direction_Std
T_amb_Max,T_amb_Max,T_amb_Max,T_amb_Max,T_amb_Max,Heat_Inedx_Avg,Heat_Inedx_Avg,Heat_Inedx_Avg,Heat_Inedx_Avg,Heat_Inedx_Avg,Heat_Inedx_Avg
Heat_Inedx_Avg,Heat_Inedx_Avg,Heat_Inedx_Avg,Heat_Inedx_Avg,Heat_Inedx_Avg,T_amb_Max,T_amb_Max,T_amb_Max,Pot_Irradiance_Avg,Pot_Irradiance_Avg,
Wind_Chill_Avg,Wind_Chill_Avg,Wind_Chill_Avg,Pot_Irradiance_Avg,Pot_Irradiance_Avg,Pot_Irradiance_Avg,Pot_Irradiance_Avg,Pot_Irradiance_Avg,T_amb_Max,,
Pot_Irradiance_Avg,Pot_Irradiance_Avg,Pot_Irradiance_Avg,Wind_Chill_Avg,Wind_Chill_Avg,Wind_Chill_Avg,Wind_Chill_Avg,,,,
