Varianza,MAD,DR,PCA,Chi-cuadradada,Pearson,CART,ID3
Wind_Direction_Std,Wind_Direction_Std,Wind_Direction_SMM,Sun_Hrs_Tot,Irradiation_Tot,Irradiation_Tot,T_air,T_air
Irradiation_Tot,Irradiation_Tot,Dew_Point_Avg,T_amb_Max,Irradiance_Avg,T_air,T_amb_Max,T_amb_Max
Irradiance_Avg,Wind_Direction_SMM,T_amb_Max,T_amb_Min,T_amb_Avg,T_amb_Avg,Irradiation_Tot,P_Sat_vap_Avg
Wind_Direction_SMM,Pot_Irradiance_Avg,T_amb_Min,T_air,T_air,P_Sat_vap_Avg,BattV_Min,P_atm_q
Pot_Irradiance_Avg,Irradiance_Avg,T_air,P_atm_q,Heat_Inedx_Avg,Wind_Chill_Avg,Wind_Chill_Avg,T_amb_Min
RH_Avg,RH_Avg,P_atm_q,Irradiance_Avg,Wind_Direction_Std,Heat_Inedx_Avg,RH_Avg,Dew_Point_Avg
Wind_Speed_Avg,Sun_Hrs_Tot,Irradiance_Avg,T_amb_Avg,Wind_Chill_Avg,Irradiance_Avg,Wind_Direction_Avg,Heat_Inedx_Avg
Wind_Speed_Max,Wind_Direction_Avg,T_amb_Avg,RH_Avg,P_Sat_vap_Avg,Wind_Speed_Std,T_amb_Min,Pot_Irradiance_Avg
Sun_Hrs_Tot,Wind_Speed_Max,RH_Avg,BattV_Min,RH_Avg,Wind_Speed_Max,T_Wet_Bulb_Avg,RH_Avg
Wind_Direction_Avg,Wind_Speed_Avg,BattV_Min,Precipitation_Tot,Wind_Speed_Std,Wind_Direction_Std,P_atm_q,Wind_Direction_Avg
Wind_Speed_Std,Wind_Speed_Std,Precipitation_Tot,Dew_Point_Avg,Wind_Speed_Max,Wind_Speed_Avg,Sun_Hrs_Tot,BattV_Min
T_amb_Avg,T_Wet_Bulb_Avg,T_Wet_Bulb_Avg,T_Wet_Bulb_Avg,Wind_Direction_SMM,Pot_Irradiance_Avg,Pot_Irradiance_Avg,Wind_Speed_Std
Heat_Inedx_Avg,T_amb_Avg,Wind_Speed_Max,Heat_Inedx_Avg,Pot_Irradiance_Avg,RH_Avg,Irradiance_Avg,Wind_Direction_SMM
Wind_Chill_Avg,P_atm_q,Heat_Inedx_Avg,Wind_Chill_Avg,Wind_Speed_Avg,Wind_Direction_SMM,Dew_Point_Avg,T_Wet_Bulb_Avg
BattV_Min,Heat_Inedx_Avg,Wind_Chill_Avg,Pot_Irradiance_Avg,T_amb_Max,Wind_Direction_Avg,Wind_Speed_Avg,Sun_Hrs_Tot
T_Wet_Bulb_Avg,Wind_Chill_Avg,Pot_Irradiance_Avg,P_Sat_vap_Avg,Dew_Point_Avg,T_Wet_Bulb_Avg,Wind_Speed_Max,Wind_Direction_Std
T_amb_Max,BattV_Min,P_Sat_vap_Avg,Irradiation_Tot,Wind_Direction_Avg,T_amb_Max,T_amb_Avg,Irradiation_Tot
Dew_Point_Avg,Dew_Point_Avg,Irradiation_Tot,Wind_Speed_Avg,BattV_Min,Sun_Hrs_Tot,Wind_Direction_SMM,Wind_Speed_Avg
P_Sat_vap_Avg,T_amb_Max,Wind_Speed_Avg,Wind_Speed_Std,Sun_Hrs_Tot,T_amb_Min,Wind_Speed_Std,Wind_Chill_Avg
P_atm_q,P_Sat_vap_Avg,Wind_Speed_Std,Wind_Direction_Avg,T_Wet_Bulb_Avg,P_atm_q,Wind_Direction_Std,Wind_Speed_Max
T_amb_Min,T_air,Wind_Direction_Avg,Wind_Direction_Std,Precipitation_Tot,Precipitation_Tot,Heat_Inedx_Avg,T_amb_Avg
T_air,T_amb_Min,Wind_Direction_Std,Wind_Speed_Max,T_amb_Min,BattV_Min,P_Sat_vap_Avg,Irradiance_Avg
Precipitation_Tot,Precipitation_Tot,Sun_Hrs_Tot,Wind_Direction_SMM,P_atm_q,Dew_Point_Avg,Precipitation_Tot,Precipitation_Tot
IMECA_Total,IMECA_Total,IMECA_Total,IMECA_Total,IMECA_Total,IMECA_Total,IMECA_Total,IMECA_Total
