Ruta,Mejor_Modelo,Recall
Modelo_neuronal_Varianza_con_23_caracteristicas.pkl,modelo_prueba_kfold_3,0.0595346947068983
Modelo_neuronal_Varianza_con_22_caracteristicas.pkl,modelo_prueba_kfold_6,0.05232144671340039
Modelo_neuronal_Varianza_con_21_caracteristicas.pkl,modelo_prueba_kfold_4,0.0284466118053439
Modelo_neuronal_Varianza_con_20_caracteristicas.pkl,modelo_prueba_kfold_5,0.011480239764299502
Modelo_neuronal_Varianza_con_19_caracteristicas.pkl,modelo_prueba_kfold_4,0.00203190084323885
Modelo_neuronal_Varianza_con_18_caracteristicas.pkl,modelo_prueba_kfold_1,0.0
Modelo_neuronal_Varianza_con_17_caracteristicas.pkl,modelo_prueba_kfold_9,0.016966372041044397
Modelo_neuronal_Varianza_con_16_caracteristicas.pkl,modelo_prueba_kfold_1,0.0
Modelo_neuronal_Varianza_con_15_caracteristicas.pkl,modelo_prueba_kfold_1,0.0
Modelo_neuronal_Varianza_con_14_caracteristicas.pkl,modelo_prueba_kfold_1,0.0
Modelo_neuronal_Varianza_con_13_caracteristicas.pkl,modelo_prueba_kfold_1,0.004673371939449355
Modelo_neuronal_Varianza_con_12_caracteristicas.pkl,modelo_prueba_kfold_1,0.0
Modelo_neuronal_Varianza_con_11_caracteristicas.pkl,modelo_prueba_kfold_1,0.0
Modelo_neuronal_Varianza_con_10_caracteristicas.pkl,modelo_prueba_kfold_1,0.0
Modelo_neuronal_Varianza_con_9_caracteristicas.pkl,modelo_prueba_kfold_1,0.0
Modelo_neuronal_Varianza_con_8_caracteristicas.pkl,modelo_prueba_kfold_1,0.0
Modelo_neuronal_Varianza_con_7_caracteristicas.pkl,modelo_prueba_kfold_1,0.0
Modelo_neuronal_Varianza_con_6_caracteristicas.pkl,modelo_prueba_kfold_1,0.0
Modelo_neuronal_Varianza_con_5_caracteristicas.pkl,modelo_prueba_kfold_1,0.0
Modelo_neuronal_Varianza_con_4_caracteristicas.pkl,modelo_prueba_kfold_1,0.0
Modelo_neuronal_Varianza_con_3_caracteristicas.pkl,modelo_prueba_kfold_1,0.0
Modelo_neuronal_Varianza_con_2_caracteristicas.pkl,modelo_prueba_kfold_1,0.0
