Ruta,Mejor_Modelo,Precision
Modelo_neuronal_Varianza_con_23_caracteristicas.pkl,modelo_prueba_kfold_1,0.9093849509313119
Modelo_neuronal_Varianza_con_22_caracteristicas.pkl,modelo_prueba_kfold_6,0.9092138977453084
Modelo_neuronal_Varianza_con_21_caracteristicas.pkl,modelo_prueba_kfold_1,0.9089721158225702
Modelo_neuronal_Varianza_con_20_caracteristicas.pkl,modelo_prueba_kfold_3,0.9060290981032659
Modelo_neuronal_Varianza_con_19_caracteristicas.pkl,modelo_prueba_kfold_9,0.9058841292740724
Modelo_neuronal_Varianza_con_18_caracteristicas.pkl,modelo_prueba_kfold_4,0.9056649203524197
Modelo_neuronal_Varianza_con_17_caracteristicas.pkl,modelo_prueba_kfold_7,0.9047564824642895
Modelo_neuronal_Varianza_con_16_caracteristicas.pkl,modelo_prueba_kfold_1,0.904648132059079
Modelo_neuronal_Varianza_con_15_caracteristicas.pkl,modelo_prueba_kfold_8,0.9044098614920654
Modelo_neuronal_Varianza_con_14_caracteristicas.pkl,modelo_prueba_kfold_4,0.9045999763234299
Modelo_neuronal_Varianza_con_13_caracteristicas.pkl,modelo_prueba_kfold_4,0.904467548050395
Modelo_neuronal_Varianza_con_12_caracteristicas.pkl,modelo_prueba_kfold_10,0.90440785500308
Modelo_neuronal_Varianza_con_11_caracteristicas.pkl,modelo_prueba_kfold_7,0.904499651874161
Modelo_neuronal_Varianza_con_10_caracteristicas.pkl,modelo_prueba_kfold_7,0.9044208971814849
Modelo_neuronal_Varianza_con_9_caracteristicas.pkl,modelo_prueba_kfold_5,0.9044555091164828
Modelo_neuronal_Varianza_con_8_caracteristicas.pkl,modelo_prueba_kfold_1,0.9043842787575017
Modelo_neuronal_Varianza_con_7_caracteristicas.pkl,modelo_prueba_kfold_3,0.9044459782938021
Modelo_neuronal_Varianza_con_6_caracteristicas.pkl,modelo_prueba_kfold_4,0.9044023371583702
Modelo_neuronal_Varianza_con_5_caracteristicas.pkl,modelo_prueba_kfold_1,0.9043842787575017
Modelo_neuronal_Varianza_con_4_caracteristicas.pkl,modelo_prueba_kfold_1,0.9043842787575017
Modelo_neuronal_Varianza_con_3_caracteristicas.pkl,modelo_prueba_kfold_1,0.9043842787575017
Modelo_neuronal_Varianza_con_2_caracteristicas.pkl,modelo_prueba_kfold_1,0.9043842787575017
