Ruta,Mejor_Modelo,Recall
Modelo_neuronal_Pearson_con_23_caracteristicas.pkl,modelo_prueba_kfold_9,0.08574621558467947
Modelo_neuronal_Pearson_con_22_caracteristicas.pkl,modelo_prueba_kfold_8,0.08046327339225846
Modelo_neuronal_Pearson_con_21_caracteristicas.pkl,modelo_prueba_kfold_5,0.05994107487554607
Modelo_neuronal_Pearson_con_20_caracteristicas.pkl,modelo_prueba_kfold_3,0.005384537234582952
Modelo_neuronal_Pearson_con_19_caracteristicas.pkl,modelo_prueba_kfold_1,0.011683429848623387
Modelo_neuronal_Pearson_con_18_caracteristicas.pkl,modelo_prueba_kfold_6,0.00040638016864777
Modelo_neuronal_Pearson_con_17_caracteristicas.pkl,modelo_prueba_kfold_1,0.0
Modelo_neuronal_Pearson_con_16_caracteristicas.pkl,modelo_prueba_kfold_1,0.0
Modelo_neuronal_Pearson_con_15_caracteristicas.pkl,modelo_prueba_kfold_1,0.0
Modelo_neuronal_Pearson_con_14_caracteristicas.pkl,modelo_prueba_kfold_1,0.0
Modelo_neuronal_Pearson_con_13_caracteristicas.pkl,modelo_prueba_kfold_1,0.0
Modelo_neuronal_Pearson_con_12_caracteristicas.pkl,modelo_prueba_kfold_1,0.0
Modelo_neuronal_Pearson_con_11_caracteristicas.pkl,modelo_prueba_kfold_1,0.0
Modelo_neuronal_Pearson_con_10_caracteristicas.pkl,modelo_prueba_kfold_1,0.0
Modelo_neuronal_Pearson_con_9_caracteristicas.pkl,modelo_prueba_kfold_1,0.0
Modelo_neuronal_Pearson_con_8_caracteristicas.pkl,modelo_prueba_kfold_1,0.0
Modelo_neuronal_Pearson_con_7_caracteristicas.pkl,modelo_prueba_kfold_1,0.0
Modelo_neuronal_Pearson_con_6_caracteristicas.pkl,modelo_prueba_kfold_1,0.0
Modelo_neuronal_Pearson_con_5_caracteristicas.pkl,modelo_prueba_kfold_1,0.0
Modelo_neuronal_Pearson_con_4_caracteristicas.pkl,modelo_prueba_kfold_1,0.0
Modelo_neuronal_Pearson_con_3_caracteristicas.pkl,modelo_prueba_kfold_1,0.0
Modelo_neuronal_Pearson_con_2_caracteristicas.pkl,modelo_prueba_kfold_1,0.0
