Ruta,Mejor_Modelo,Recall
Modelo_neuronal_MAD_con_23_caracteristicas.pkl,modelo_prueba_kfold_5,0.049172000406380166
Modelo_neuronal_MAD_con_22_caracteristicas.pkl,modelo_prueba_kfold_1,0.0358630498831657
Modelo_neuronal_MAD_con_21_caracteristicas.pkl,modelo_prueba_kfold_9,0.0487656202377324
Modelo_neuronal_MAD_con_20_caracteristicas.pkl,modelo_prueba_kfold_10,0.03454231433506045
Modelo_neuronal_MAD_con_19_caracteristicas.pkl,modelo_prueba_kfold_10,0.04043482678045311
Modelo_neuronal_MAD_con_18_caracteristicas.pkl,modelo_prueba_kfold_6,0.016966372041044397
Modelo_neuronal_MAD_con_17_caracteristicas.pkl,modelo_prueba_kfold_9,0.011683429848623387
Modelo_neuronal_MAD_con_16_caracteristicas.pkl,modelo_prueba_kfold_8,0.012800975312404754
Modelo_neuronal_MAD_con_15_caracteristicas.pkl,modelo_prueba_kfold_1,0.00081276033729554
Modelo_neuronal_MAD_con_14_caracteristicas.pkl,modelo_prueba_kfold_5,0.0017271157167530224
Modelo_neuronal_MAD_con_13_caracteristicas.pkl,modelo_prueba_kfold_9,0.005486132276744895
Modelo_neuronal_MAD_con_12_caracteristicas.pkl,modelo_prueba_kfold_1,0.0
Modelo_neuronal_MAD_con_11_caracteristicas.pkl,modelo_prueba_kfold_1,0.0
Modelo_neuronal_MAD_con_10_caracteristicas.pkl,modelo_prueba_kfold_1,0.0
Modelo_neuronal_MAD_con_9_caracteristicas.pkl,modelo_prueba_kfold_1,0.0
Modelo_neuronal_MAD_con_8_caracteristicas.pkl,modelo_prueba_kfold_1,0.0
Modelo_neuronal_MAD_con_7_caracteristicas.pkl,modelo_prueba_kfold_1,0.0
Modelo_neuronal_MAD_con_6_caracteristicas.pkl,modelo_prueba_kfold_1,0.0
Modelo_neuronal_MAD_con_5_caracteristicas.pkl,modelo_prueba_kfold_1,0.0
Modelo_neuronal_MAD_con_4_caracteristicas.pkl,modelo_prueba_kfold_1,0.0
Modelo_neuronal_MAD_con_3_caracteristicas.pkl,modelo_prueba_kfold_1,0.0
Modelo_neuronal_MAD_con_2_caracteristicas.pkl,modelo_prueba_kfold_1,0.0
