Ruta,Mejor_Modelo,Precision
Modelo_neuronal_Pearson_con_23_caracteristicas.pkl,modelo_prueba_kfold_8,0.536144578313253
Modelo_neuronal_Pearson_con_22_caracteristicas.pkl,modelo_prueba_kfold_3,0.63
Modelo_neuronal_Pearson_con_21_caracteristicas.pkl,modelo_prueba_kfold_8,0.794392523364486
Modelo_neuronal_Pearson_con_20_caracteristicas.pkl,modelo_prueba_kfold_3,0.8548387096774194
Modelo_neuronal_Pearson_con_19_caracteristicas.pkl,modelo_prueba_kfold_9,1.0
Modelo_neuronal_Pearson_con_18_caracteristicas.pkl,modelo_prueba_kfold_6,1.0
Modelo_neuronal_Pearson_con_17_caracteristicas.pkl,modelo_prueba_kfold_1,0.0
Modelo_neuronal_Pearson_con_16_caracteristicas.pkl,modelo_prueba_kfold_1,0.0
Modelo_neuronal_Pearson_con_15_caracteristicas.pkl,modelo_prueba_kfold_1,0.0
Modelo_neuronal_Pearson_con_14_caracteristicas.pkl,modelo_prueba_kfold_1,0.0
Modelo_neuronal_Pearson_con_13_caracteristicas.pkl,modelo_prueba_kfold_1,0.0
Modelo_neuronal_Pearson_con_12_caracteristicas.pkl,modelo_prueba_kfold_1,0.0
Modelo_neuronal_Pearson_con_11_caracteristicas.pkl,modelo_prueba_kfold_1,0.0
Modelo_neuronal_Pearson_con_10_caracteristicas.pkl,modelo_prueba_kfold_1,0.0
Modelo_neuronal_Pearson_con_9_caracteristicas.pkl,modelo_prueba_kfold_1,0.0
Modelo_neuronal_Pearson_con_8_caracteristicas.pkl,modelo_prueba_kfold_1,0.0
Modelo_neuronal_Pearson_con_7_caracteristicas.pkl,modelo_prueba_kfold_1,0.0
Modelo_neuronal_Pearson_con_6_caracteristicas.pkl,modelo_prueba_kfold_1,0.0
Modelo_neuronal_Pearson_con_5_caracteristicas.pkl,modelo_prueba_kfold_1,0.0
Modelo_neuronal_Pearson_con_4_caracteristicas.pkl,modelo_prueba_kfold_1,0.0
Modelo_neuronal_Pearson_con_3_caracteristicas.pkl,modelo_prueba_kfold_1,0.0
Modelo_neuronal_Pearson_con_2_caracteristicas.pkl,modelo_prueba_kfold_1,0.0
