Ruta,Mejor_Modelo,Recall
Modelo_neuronal_PCA_con_23_caracteristicas.pkl,modelo_prueba_kfold_4,0.050187950827999595
Modelo_neuronal_PCA_con_22_caracteristicas.pkl,modelo_prueba_kfold_3,0.05181347150259067
Modelo_neuronal_PCA_con_21_caracteristicas.pkl,modelo_prueba_kfold_3,0.03210403332317383
Modelo_neuronal_PCA_con_20_caracteristicas.pkl,modelo_prueba_kfold_5,0.027430661383724474
Modelo_neuronal_PCA_con_19_caracteristicas.pkl,modelo_prueba_kfold_5,0.03200243828101189
Modelo_neuronal_PCA_con_18_caracteristicas.pkl,modelo_prueba_kfold_7,0.02235090927562735
Modelo_neuronal_PCA_con_17_caracteristicas.pkl,modelo_prueba_kfold_8,0.02194452910697958
Modelo_neuronal_PCA_con_16_caracteristicas.pkl,modelo_prueba_kfold_9,0.031392868028040234
Modelo_neuronal_PCA_con_15_caracteristicas.pkl,modelo_prueba_kfold_6,0.020928578685360154
Modelo_neuronal_PCA_con_14_caracteristicas.pkl,modelo_prueba_kfold_5,0.005384537234582952
Modelo_neuronal_PCA_con_13_caracteristicas.pkl,modelo_prueba_kfold_2,0.020928578685360154
Modelo_neuronal_PCA_con_12_caracteristicas.pkl,modelo_prueba_kfold_8,0.001422330590267195
Modelo_neuronal_PCA_con_11_caracteristicas.pkl,modelo_prueba_kfold_5,0.005384537234582952
Modelo_neuronal_PCA_con_10_caracteristicas.pkl,modelo_prueba_kfold_6,0.0013207355481052526
Modelo_neuronal_PCA_con_9_caracteristicas.pkl,modelo_prueba_kfold_1,0.0
Modelo_neuronal_PCA_con_8_caracteristicas.pkl,modelo_prueba_kfold_8,0.0017271157167530224
Modelo_neuronal_PCA_con_7_caracteristicas.pkl,modelo_prueba_kfold_1,0.0
Modelo_neuronal_PCA_con_6_caracteristicas.pkl,modelo_prueba_kfold_1,0.0
Modelo_neuronal_PCA_con_5_caracteristicas.pkl,modelo_prueba_kfold_1,0.0
Modelo_neuronal_PCA_con_4_caracteristicas.pkl,modelo_prueba_kfold_1,0.0
Modelo_neuronal_PCA_con_3_caracteristicas.pkl,modelo_prueba_kfold_1,0.0
Modelo_neuronal_PCA_con_2_caracteristicas.pkl,modelo_prueba_kfold_1,0.0
