Ruta,Mejor_Modelo,Precision
Modelo_neuronal_Chi-cuadradada_con_23_caracteristicas.pkl,modelo_prueba_kfold_2,0.9069440570805987
Modelo_neuronal_Chi-cuadradada_con_22_caracteristicas.pkl,modelo_prueba_kfold_8,0.9073488662333988
Modelo_neuronal_Chi-cuadradada_con_21_caracteristicas.pkl,modelo_prueba_kfold_5,0.9062538248696284
Modelo_neuronal_Chi-cuadradada_con_20_caracteristicas.pkl,modelo_prueba_kfold_4,0.9059929813015292
Modelo_neuronal_Chi-cuadradada_con_19_caracteristicas.pkl,modelo_prueba_kfold_8,0.9056925095759687
Modelo_neuronal_Chi-cuadradada_con_18_caracteristicas.pkl,modelo_prueba_kfold_8,0.905177845151219
Modelo_neuronal_Chi-cuadradada_con_17_caracteristicas.pkl,modelo_prueba_kfold_5,0.9047835700655922
Modelo_neuronal_Chi-cuadradada_con_16_caracteristicas.pkl,modelo_prueba_kfold_1,0.9047314013519723
Modelo_neuronal_Chi-cuadradada_con_15_caracteristicas.pkl,modelo_prueba_kfold_8,0.9046702034379183
Modelo_neuronal_Chi-cuadradada_con_14_caracteristicas.pkl,modelo_prueba_kfold_1,0.904674216415889
Modelo_neuronal_Chi-cuadradada_con_13_caracteristicas.pkl,modelo_prueba_kfold_10,0.904602986056908
Modelo_neuronal_Chi-cuadradada_con_12_caracteristicas.pkl,modelo_prueba_kfold_2,0.904645122325601
Modelo_neuronal_Chi-cuadradada_con_11_caracteristicas.pkl,modelo_prueba_kfold_10,0.9045508173432882
Modelo_neuronal_Chi-cuadradada_con_10_caracteristicas.pkl,modelo_prueba_kfold_2,0.9044620302056852
Modelo_neuronal_Chi-cuadradada_con_9_caracteristicas.pkl,modelo_prueba_kfold_9,0.904588439011764
Modelo_neuronal_Chi-cuadradada_con_8_caracteristicas.pkl,modelo_prueba_kfold_1,0.9043842787575017
Modelo_neuronal_Chi-cuadradada_con_7_caracteristicas.pkl,modelo_prueba_kfold_1,0.9043842787575017
Modelo_neuronal_Chi-cuadradada_con_6_caracteristicas.pkl,modelo_prueba_kfold_9,0.9044565123609754
Modelo_neuronal_Chi-cuadradada_con_5_caracteristicas.pkl,modelo_prueba_kfold_10,0.9044540042497436
Modelo_neuronal_Chi-cuadradada_con_4_caracteristicas.pkl,modelo_prueba_kfold_1,0.9043842787575017
Modelo_neuronal_Chi-cuadradada_con_3_caracteristicas.pkl,modelo_prueba_kfold_1,0.9043842787575017
Modelo_neuronal_Chi-cuadradada_con_2_caracteristicas.pkl,modelo_prueba_kfold_1,0.9043842787575017
