Ruta,Mejor_Modelo,Precision
Modelo_neuronal_ID3_con_23_caracteristicas.pkl,modelo_prueba_kfold_4,0.6905537459283387
Modelo_neuronal_ID3_con_22_caracteristicas.pkl,modelo_prueba_kfold_6,0.5970149253731343
Modelo_neuronal_ID3_con_21_caracteristicas.pkl,modelo_prueba_kfold_1,0.5881435257410297
Modelo_neuronal_ID3_con_20_caracteristicas.pkl,modelo_prueba_kfold_3,0.5426229508196722
Modelo_neuronal_ID3_con_19_caracteristicas.pkl,modelo_prueba_kfold_9,0.6
Modelo_neuronal_ID3_con_18_caracteristicas.pkl,modelo_prueba_kfold_4,0.6291208791208791
Modelo_neuronal_ID3_con_17_caracteristicas.pkl,modelo_prueba_kfold_1,0.7555555555555555
Modelo_neuronal_ID3_con_16_caracteristicas.pkl,modelo_prueba_kfold_6,0.7181818181818181
Modelo_neuronal_ID3_con_15_caracteristicas.pkl,modelo_prueba_kfold_2,0.9523809523809523
Modelo_neuronal_ID3_con_14_caracteristicas.pkl,modelo_prueba_kfold_5,0.7471264367816092
Modelo_neuronal_ID3_con_13_caracteristicas.pkl,modelo_prueba_kfold_5,1.0
Modelo_neuronal_ID3_con_12_caracteristicas.pkl,modelo_prueba_kfold_1,1.0
Modelo_neuronal_ID3_con_11_caracteristicas.pkl,modelo_prueba_kfold_1,0.0
Modelo_neuronal_ID3_con_10_caracteristicas.pkl,modelo_prueba_kfold_7,0.55
Modelo_neuronal_ID3_con_9_caracteristicas.pkl,modelo_prueba_kfold_1,0.7046070460704607
Modelo_neuronal_ID3_con_8_caracteristicas.pkl,modelo_prueba_kfold_1,0.0
Modelo_neuronal_ID3_con_7_caracteristicas.pkl,modelo_prueba_kfold_1,0.0
Modelo_neuronal_ID3_con_6_caracteristicas.pkl,modelo_prueba_kfold_1,0.0
Modelo_neuronal_ID3_con_5_caracteristicas.pkl,modelo_prueba_kfold_1,0.0
Modelo_neuronal_ID3_con_4_caracteristicas.pkl,modelo_prueba_kfold_1,0.0
Modelo_neuronal_ID3_con_3_caracteristicas.pkl,modelo_prueba_kfold_1,0.0
Modelo_neuronal_ID3_con_2_caracteristicas.pkl,modelo_prueba_kfold_1,0.0
