Ruta,Mejor_Modelo,Recall
Segundo_Modelo_neuronal_Graficas_varianza_con_14_caracteristicas.pkl,modelo_prueba_kfold_6,0.00081276033729554
Segundo_Modelo_neuronal_Graficas_varianza_con_9_caracteristicas.pkl,modelo_prueba_kfold_1,0.0
Segundo_Modelo_neuronal_Graficas_varianza_con_6_caracteristicas.pkl,modelo_prueba_kfold_1,0.0
Segundo_Modelo_neuronal_Graficas_varianza_con_5_caracteristicas.pkl,modelo_prueba_kfold_1,0.0
Segundo_Modelo_neuronal_Graficas_varianza_con_3_caracteristicas.pkl,modelo_prueba_kfold_1,0.0
Segundo_Modelo_neuronal_Graficas_varianza_con_2_caracteristicas.pkl,modelo_prueba_kfold_1,0.0
