Ruta,Mejor_Modelo,Recall
Modelo_neuronal_DR_con_23_caracteristicas.pkl,modelo_prueba_kfold_8,0.041044397033424766
Modelo_neuronal_DR_con_22_caracteristicas.pkl,modelo_prueba_kfold_6,0.03667581022046124
Modelo_neuronal_DR_con_21_caracteristicas.pkl,modelo_prueba_kfold_4,0.034745504419384336
Modelo_neuronal_DR_con_20_caracteristicas.pkl,modelo_prueba_kfold_1,0.028345016763181956
Modelo_neuronal_DR_con_19_caracteristicas.pkl,modelo_prueba_kfold_1,0.016356801788072743
Modelo_neuronal_DR_con_18_caracteristicas.pkl,modelo_prueba_kfold_4,0.01300416539672864
Modelo_neuronal_DR_con_17_caracteristicas.pkl,modelo_prueba_kfold_2,0.01137864472213756
Modelo_neuronal_DR_con_16_caracteristicas.pkl,modelo_prueba_kfold_8,0.026211520877781166
Modelo_neuronal_DR_con_15_caracteristicas.pkl,modelo_prueba_kfold_8,0.0031494463070202176
Modelo_neuronal_DR_con_14_caracteristicas.pkl,modelo_prueba_kfold_10,0.018083917504825766
Modelo_neuronal_DR_con_13_caracteristicas.pkl,modelo_prueba_kfold_5,0.01341054556537641
Modelo_neuronal_DR_con_12_caracteristicas.pkl,modelo_prueba_kfold_3,0.00162552067459108
Modelo_neuronal_DR_con_11_caracteristicas.pkl,modelo_prueba_kfold_8,0.00365742151782993
Modelo_neuronal_DR_con_10_caracteristicas.pkl,modelo_prueba_kfold_6,0.0001015950421619425
Modelo_neuronal_DR_con_9_caracteristicas.pkl,modelo_prueba_kfold_2,0.0007111652951335975
Modelo_neuronal_DR_con_8_caracteristicas.pkl,modelo_prueba_kfold_1,0.0
Modelo_neuronal_DR_con_7_caracteristicas.pkl,modelo_prueba_kfold_1,0.0
Modelo_neuronal_DR_con_6_caracteristicas.pkl,modelo_prueba_kfold_1,0.0
Modelo_neuronal_DR_con_5_caracteristicas.pkl,modelo_prueba_kfold_1,0.0
Modelo_neuronal_DR_con_4_caracteristicas.pkl,modelo_prueba_kfold_1,0.0
Modelo_neuronal_DR_con_3_caracteristicas.pkl,modelo_prueba_kfold_1,0.0
Modelo_neuronal_DR_con_2_caracteristicas.pkl,modelo_prueba_kfold_1,0.0
