Ruta,Mejor_Modelo,Precision
Modelo_neuronal_Lasso_con_23_caracteristicas.pkl,modelo_prueba_kfold_10,0.03332317382911714
Modelo_neuronal_Lasso_con_22_caracteristicas.pkl,modelo_prueba_kfold_6,0.03433912425073656
Modelo_neuronal_Lasso_con_21_caracteristicas.pkl,modelo_prueba_kfold_1,0.037488570557756784
Modelo_neuronal_Lasso_con_20_caracteristicas.pkl,modelo_prueba_kfold_1,0.022960479528599004
Modelo_neuronal_Lasso_con_19_caracteristicas.pkl,modelo_prueba_kfold_1,0.03830133089505232
Modelo_neuronal_Lasso_con_18_caracteristicas.pkl,modelo_prueba_kfold_3,0.03149446307020217
Modelo_neuronal_Lasso_con_17_caracteristicas.pkl,modelo_prueba_kfold_9,0.016356801788072743
Modelo_neuronal_Lasso_con_16_caracteristicas.pkl,modelo_prueba_kfold_2,0.01462968607131972
Modelo_neuronal_Lasso_con_15_caracteristicas.pkl,modelo_prueba_kfold_5,0.018083917504825766
Modelo_neuronal_Lasso_con_14_caracteristicas.pkl,modelo_prueba_kfold_2,0.002641471096210505
Modelo_neuronal_Lasso_con_13_caracteristicas.pkl,modelo_prueba_kfold_6,0.016052016661586916
Modelo_neuronal_Lasso_con_12_caracteristicas.pkl,modelo_prueba_kfold_6,0.00040638016864777
Modelo_neuronal_Lasso_con_11_caracteristicas.pkl,modelo_prueba_kfold_7,0.0006095702529716549
Modelo_neuronal_Lasso_con_10_caracteristicas.pkl,modelo_prueba_kfold_1,0.0
Modelo_neuronal_Lasso_con_9_caracteristicas.pkl,modelo_prueba_kfold_1,0.0
Modelo_neuronal_Lasso_con_8_caracteristicas.pkl,modelo_prueba_kfold_1,0.0
Modelo_neuronal_Lasso_con_7_caracteristicas.pkl,modelo_prueba_kfold_1,0.0
Modelo_neuronal_Lasso_con_6_caracteristicas.pkl,modelo_prueba_kfold_1,0.0
Modelo_neuronal_Lasso_con_5_caracteristicas.pkl,modelo_prueba_kfold_1,0.0
Modelo_neuronal_Lasso_con_4_caracteristicas.pkl,modelo_prueba_kfold_1,0.0
Modelo_neuronal_Lasso_con_3_caracteristicas.pkl,modelo_prueba_kfold_1,0.0
Modelo_neuronal_Lasso_con_2_caracteristicas.pkl,modelo_prueba_kfold_1,0.0
