Ruta,Mejor_Modelo,Precision
Modelo_neuronal_MAD_con_23_caracteristicas.pkl,modelo_prueba_kfold_3,0.565406976744186
Modelo_neuronal_MAD_con_22_caracteristicas.pkl,modelo_prueba_kfold_2,0.5267857142857143
Modelo_neuronal_MAD_con_21_caracteristicas.pkl,modelo_prueba_kfold_7,0.85
Modelo_neuronal_MAD_con_20_caracteristicas.pkl,modelo_prueba_kfold_1,0.6126126126126126
Modelo_neuronal_MAD_con_19_caracteristicas.pkl,modelo_prueba_kfold_10,0.7819253438113949
Modelo_neuronal_MAD_con_18_caracteristicas.pkl,modelo_prueba_kfold_10,0.45
Modelo_neuronal_MAD_con_17_caracteristicas.pkl,modelo_prueba_kfold_6,0.562962962962963
Modelo_neuronal_MAD_con_16_caracteristicas.pkl,modelo_prueba_kfold_4,0.7894736842105263
Modelo_neuronal_MAD_con_15_caracteristicas.pkl,modelo_prueba_kfold_1,1.0
Modelo_neuronal_MAD_con_14_caracteristicas.pkl,modelo_prueba_kfold_5,1.0
Modelo_neuronal_MAD_con_13_caracteristicas.pkl,modelo_prueba_kfold_9,0.6506024096385542
Modelo_neuronal_MAD_con_12_caracteristicas.pkl,modelo_prueba_kfold_1,0.0
Modelo_neuronal_MAD_con_11_caracteristicas.pkl,modelo_prueba_kfold_1,0.0
Modelo_neuronal_MAD_con_10_caracteristicas.pkl,modelo_prueba_kfold_1,0.0
Modelo_neuronal_MAD_con_9_caracteristicas.pkl,modelo_prueba_kfold_1,0.0
Modelo_neuronal_MAD_con_8_caracteristicas.pkl,modelo_prueba_kfold_1,0.0
Modelo_neuronal_MAD_con_7_caracteristicas.pkl,modelo_prueba_kfold_1,0.0
Modelo_neuronal_MAD_con_6_caracteristicas.pkl,modelo_prueba_kfold_1,0.0
Modelo_neuronal_MAD_con_5_caracteristicas.pkl,modelo_prueba_kfold_1,0.0
Modelo_neuronal_MAD_con_4_caracteristicas.pkl,modelo_prueba_kfold_1,0.0
Modelo_neuronal_MAD_con_3_caracteristicas.pkl,modelo_prueba_kfold_1,0.0
Modelo_neuronal_MAD_con_2_caracteristicas.pkl,modelo_prueba_kfold_1,0.0
