Ruta,Mejor_Modelo,Precision
Modelo_neuronal_PCA_con_23_caracteristicas.pkl,modelo_prueba_kfold_7,0.9090072293798144
Modelo_neuronal_PCA_con_22_caracteristicas.pkl,modelo_prueba_kfold_6,0.909100029495388
Modelo_neuronal_PCA_con_21_caracteristicas.pkl,modelo_prueba_kfold_4,0.9089650931111214
Modelo_neuronal_PCA_con_20_caracteristicas.pkl,modelo_prueba_kfold_4,0.9091195927629955
Modelo_neuronal_PCA_con_19_caracteristicas.pkl,modelo_prueba_kfold_10,0.9084950730662964
Modelo_neuronal_PCA_con_18_caracteristicas.pkl,modelo_prueba_kfold_1,0.9078349381901069
Modelo_neuronal_PCA_con_17_caracteristicas.pkl,modelo_prueba_kfold_4,0.9080230465324861
Modelo_neuronal_PCA_con_16_caracteristicas.pkl,modelo_prueba_kfold_9,0.9074461809491897
Modelo_neuronal_PCA_con_15_caracteristicas.pkl,modelo_prueba_kfold_7,0.9070975534879802
Modelo_neuronal_PCA_con_14_caracteristicas.pkl,modelo_prueba_kfold_9,0.9070644464197214
Modelo_neuronal_PCA_con_13_caracteristicas.pkl,modelo_prueba_kfold_8,0.9069239921907448
Modelo_neuronal_PCA_con_12_caracteristicas.pkl,modelo_prueba_kfold_9,0.905853028694799
Modelo_neuronal_PCA_con_11_caracteristicas.pkl,modelo_prueba_kfold_2,0.9061294225525349
Modelo_neuronal_PCA_con_10_caracteristicas.pkl,modelo_prueba_kfold_2,0.9054943687886625
Modelo_neuronal_PCA_con_9_caracteristicas.pkl,modelo_prueba_kfold_5,0.9044083566253263
Modelo_neuronal_PCA_con_8_caracteristicas.pkl,modelo_prueba_kfold_6,0.9044630334501779
Modelo_neuronal_PCA_con_7_caracteristicas.pkl,modelo_prueba_kfold_2,0.9046365947474131
Modelo_neuronal_PCA_con_6_caracteristicas.pkl,modelo_prueba_kfold_1,0.9043887933577188
Modelo_neuronal_PCA_con_5_caracteristicas.pkl,modelo_prueba_kfold_1,0.9043847803797481
Modelo_neuronal_PCA_con_4_caracteristicas.pkl,modelo_prueba_kfold_1,0.9043842787575017
Modelo_neuronal_PCA_con_3_caracteristicas.pkl,modelo_prueba_kfold_1,0.9043842787575017
Modelo_neuronal_PCA_con_2_caracteristicas.pkl,modelo_prueba_kfold_1,0.9043842787575017
