Ruta,Mejor_Modelo,Recall
Modelo_neuronal_Chi-cuadradada_con_23_caracteristicas.pkl,modelo_prueba_kfold_3,0.008432388499441227
Modelo_neuronal_Chi-cuadradada_con_22_caracteristicas.pkl,modelo_prueba_kfold_7,0.011073859595651733
Modelo_neuronal_Chi-cuadradada_con_21_caracteristicas.pkl,modelo_prueba_kfold_5,0.00568932236106878
Modelo_neuronal_Chi-cuadradada_con_20_caracteristicas.pkl,modelo_prueba_kfold_5,0.013105760438890583
Modelo_neuronal_Chi-cuadradada_con_19_caracteristicas.pkl,modelo_prueba_kfold_6,0.0007111652951335975
Modelo_neuronal_Chi-cuadradada_con_18_caracteristicas.pkl,modelo_prueba_kfold_7,0.0011175454637813674
Modelo_neuronal_Chi-cuadradada_con_17_caracteristicas.pkl,modelo_prueba_kfold_9,0.00081276033729554
Modelo_neuronal_Chi-cuadradada_con_16_caracteristicas.pkl,modelo_prueba_kfold_1,0.0
Modelo_neuronal_Chi-cuadradada_con_15_caracteristicas.pkl,modelo_prueba_kfold_1,0.0
Modelo_neuronal_Chi-cuadradada_con_14_caracteristicas.pkl,modelo_prueba_kfold_1,0.0
Modelo_neuronal_Chi-cuadradada_con_13_caracteristicas.pkl,modelo_prueba_kfold_1,0.0
Modelo_neuronal_Chi-cuadradada_con_12_caracteristicas.pkl,modelo_prueba_kfold_1,0.0
Modelo_neuronal_Chi-cuadradada_con_11_caracteristicas.pkl,modelo_prueba_kfold_1,0.0
Modelo_neuronal_Chi-cuadradada_con_10_caracteristicas.pkl,modelo_prueba_kfold_1,0.0
Modelo_neuronal_Chi-cuadradada_con_9_caracteristicas.pkl,modelo_prueba_kfold_1,0.0
Modelo_neuronal_Chi-cuadradada_con_8_caracteristicas.pkl,modelo_prueba_kfold_1,0.0
Modelo_neuronal_Chi-cuadradada_con_7_caracteristicas.pkl,modelo_prueba_kfold_1,0.0
Modelo_neuronal_Chi-cuadradada_con_6_caracteristicas.pkl,modelo_prueba_kfold_1,0.0
Modelo_neuronal_Chi-cuadradada_con_5_caracteristicas.pkl,modelo_prueba_kfold_1,0.0
Modelo_neuronal_Chi-cuadradada_con_4_caracteristicas.pkl,modelo_prueba_kfold_1,0.0
Modelo_neuronal_Chi-cuadradada_con_3_caracteristicas.pkl,modelo_prueba_kfold_1,0.0
Modelo_neuronal_Chi-cuadradada_con_2_caracteristicas.pkl,modelo_prueba_kfold_1,0.0
