Ruta,Mejor_Modelo,Precision
Modelo_neuronal_DR_con_23_caracteristicas.pkl,modelo_prueba_kfold_5,0.9094391261339171
Modelo_neuronal_DR_con_22_caracteristicas.pkl,modelo_prueba_kfold_10,0.9089976985571337
Modelo_neuronal_DR_con_21_caracteristicas.pkl,modelo_prueba_kfold_6,0.9082633235884852
Modelo_neuronal_DR_con_20_caracteristicas.pkl,modelo_prueba_kfold_10,0.908152465072043
Modelo_neuronal_DR_con_19_caracteristicas.pkl,modelo_prueba_kfold_4,0.9083576285707979
Modelo_neuronal_DR_con_18_caracteristicas.pkl,modelo_prueba_kfold_2,0.9074963431738241
Modelo_neuronal_DR_con_17_caracteristicas.pkl,modelo_prueba_kfold_7,0.9078354398123532
Modelo_neuronal_DR_con_16_caracteristicas.pkl,modelo_prueba_kfold_10,0.9071110972886315
Modelo_neuronal_DR_con_15_caracteristicas.pkl,modelo_prueba_kfold_9,0.9074707604392606
Modelo_neuronal_DR_con_14_caracteristicas.pkl,modelo_prueba_kfold_4,0.9064750402802664
Modelo_neuronal_DR_con_13_caracteristicas.pkl,modelo_prueba_kfold_4,0.9069821803713208
Modelo_neuronal_DR_con_12_caracteristicas.pkl,modelo_prueba_kfold_1,0.905673949552854
Modelo_neuronal_DR_con_11_caracteristicas.pkl,modelo_prueba_kfold_1,0.9054452098085207
Modelo_neuronal_DR_con_10_caracteristicas.pkl,modelo_prueba_kfold_2,0.9052004181523046
Modelo_neuronal_DR_con_9_caracteristicas.pkl,modelo_prueba_kfold_6,0.9052565998438952
Modelo_neuronal_DR_con_8_caracteristicas.pkl,modelo_prueba_kfold_9,0.9043862852464871
Modelo_neuronal_DR_con_7_caracteristicas.pkl,modelo_prueba_kfold_1,0.9043842787575017
Modelo_neuronal_DR_con_6_caracteristicas.pkl,modelo_prueba_kfold_7,0.9047956089995044
Modelo_neuronal_DR_con_5_caracteristicas.pkl,modelo_prueba_kfold_5,0.9046250574357472
Modelo_neuronal_DR_con_4_caracteristicas.pkl,modelo_prueba_kfold_1,0.9043842787575017
Modelo_neuronal_DR_con_3_caracteristicas.pkl,modelo_prueba_kfold_1,0.9043842787575017
Modelo_neuronal_DR_con_2_caracteristicas.pkl,modelo_prueba_kfold_1,0.9043842787575017
