Ruta,Mejor_Modelo,Recall
Segundo_Modelo_neuronal_Graficas_centralidad_con_14_caracteristicas.pkl,modelo_prueba_kfold_2,0.00081276033729554
Segundo_Modelo_neuronal_Graficas_centralidad_con_9_caracteristicas.pkl,modelo_prueba_kfold_1,0.0
Segundo_Modelo_neuronal_Graficas_centralidad_con_6_caracteristicas.pkl,modelo_prueba_kfold_1,0.0
Segundo_Modelo_neuronal_Graficas_centralidad_con_5_caracteristicas.pkl,modelo_prueba_kfold_1,0.0
Segundo_Modelo_neuronal_Graficas_centralidad_con_3_caracteristicas.pkl,modelo_prueba_kfold_1,0.0
Segundo_Modelo_neuronal_Graficas_centralidad_con_2_caracteristicas.pkl,modelo_prueba_kfold_1,0.0
