Ruta,Mejor_Modelo,Precision
Modelo_neuronal_MAD_con_23_caracteristicas.pkl,modelo_prueba_kfold_5,0.909596133897023
Modelo_neuronal_MAD_con_22_caracteristicas.pkl,modelo_prueba_kfold_5,0.9089982001793802
Modelo_neuronal_MAD_con_21_caracteristicas.pkl,modelo_prueba_kfold_2,0.9086330191840412
Modelo_neuronal_MAD_con_20_caracteristicas.pkl,modelo_prueba_kfold_4,0.9086816765419367
Modelo_neuronal_MAD_con_19_caracteristicas.pkl,modelo_prueba_kfold_3,0.9078018311218481
Modelo_neuronal_MAD_con_18_caracteristicas.pkl,modelo_prueba_kfold_9,0.9069495749253085
Modelo_neuronal_MAD_con_17_caracteristicas.pkl,modelo_prueba_kfold_3,0.9058610546507405
Modelo_neuronal_MAD_con_16_caracteristicas.pkl,modelo_prueba_kfold_9,0.9055580748139483
Modelo_neuronal_MAD_con_15_caracteristicas.pkl,modelo_prueba_kfold_9,0.9055104207005455
Modelo_neuronal_MAD_con_14_caracteristicas.pkl,modelo_prueba_kfold_3,0.9047479548861016
Modelo_neuronal_MAD_con_13_caracteristicas.pkl,modelo_prueba_kfold_2,0.9044339393598899
Modelo_neuronal_MAD_con_12_caracteristicas.pkl,modelo_prueba_kfold_9,0.9044128712255434
Modelo_neuronal_MAD_con_11_caracteristicas.pkl,modelo_prueba_kfold_8,0.9044730658951048
Modelo_neuronal_MAD_con_10_caracteristicas.pkl,modelo_prueba_kfold_3,0.9044896194292341
Modelo_neuronal_MAD_con_9_caracteristicas.pkl,modelo_prueba_kfold_5,0.9045844260337933
Modelo_neuronal_MAD_con_8_caracteristicas.pkl,modelo_prueba_kfold_6,0.904439958826846
Modelo_neuronal_MAD_con_7_caracteristicas.pkl,modelo_prueba_kfold_1,0.9044449750493094
Modelo_neuronal_MAD_con_6_caracteristicas.pkl,modelo_prueba_kfold_9,0.9044023371583702
Modelo_neuronal_MAD_con_5_caracteristicas.pkl,modelo_prueba_kfold_1,0.9043842787575017
Modelo_neuronal_MAD_con_4_caracteristicas.pkl,modelo_prueba_kfold_1,0.9043842787575017
Modelo_neuronal_MAD_con_3_caracteristicas.pkl,modelo_prueba_kfold_1,0.9043842787575017
Modelo_neuronal_MAD_con_2_caracteristicas.pkl,modelo_prueba_kfold_1,0.9043842787575017
