Ruta,Mejor_Modelo,Recall
Modelo_neuronal_CART_con_23_caracteristicas.pkl,modelo_prueba_kfold_6,0.08026008330793458
Modelo_neuronal_CART_con_22_caracteristicas.pkl,modelo_prueba_kfold_5,0.05648684344204003
Modelo_neuronal_CART_con_21_caracteristicas.pkl,modelo_prueba_kfold_3,0.06705272782688204
Modelo_neuronal_CART_con_20_caracteristicas.pkl,modelo_prueba_kfold_10,0.036777405262623186
Modelo_neuronal_CART_con_19_caracteristicas.pkl,modelo_prueba_kfold_6,0.023570049781570658
Modelo_neuronal_CART_con_18_caracteristicas.pkl,modelo_prueba_kfold_8,0.022249314233465406
Modelo_neuronal_CART_con_17_caracteristicas.pkl,modelo_prueba_kfold_3,0.01991262826374073
Modelo_neuronal_CART_con_16_caracteristicas.pkl,modelo_prueba_kfold_9,0.03718378543127095
Modelo_neuronal_CART_con_15_caracteristicas.pkl,modelo_prueba_kfold_6,0.02072538860103627
Modelo_neuronal_CART_con_14_caracteristicas.pkl,modelo_prueba_kfold_8,0.0072132479934979175
Modelo_neuronal_CART_con_13_caracteristicas.pkl,modelo_prueba_kfold_9,0.018083917504825766
Modelo_neuronal_CART_con_12_caracteristicas.pkl,modelo_prueba_kfold_3,0.018388702631311593
Modelo_neuronal_CART_con_11_caracteristicas.pkl,modelo_prueba_kfold_4,0.013105760438890583
Modelo_neuronal_CART_con_10_caracteristicas.pkl,modelo_prueba_kfold_1,0.0
Modelo_neuronal_CART_con_9_caracteristicas.pkl,modelo_prueba_kfold_1,0.0
Modelo_neuronal_CART_con_8_caracteristicas.pkl,modelo_prueba_kfold_1,0.0
Modelo_neuronal_CART_con_7_caracteristicas.pkl,modelo_prueba_kfold_1,0.0
Modelo_neuronal_CART_con_6_caracteristicas.pkl,modelo_prueba_kfold_1,0.0
Modelo_neuronal_CART_con_5_caracteristicas.pkl,modelo_prueba_kfold_1,0.0
Modelo_neuronal_CART_con_4_caracteristicas.pkl,modelo_prueba_kfold_1,0.0
Modelo_neuronal_CART_con_3_caracteristicas.pkl,modelo_prueba_kfold_1,0.0
Modelo_neuronal_CART_con_2_caracteristicas.pkl,modelo_prueba_kfold_1,0.0
