Ruta,Mejor_Modelo,Recall
Modelo_neuronal_Lasso_con_23_caracteristicas.pkl,modelo_prueba_kfold_10,0.0333231738291171
Modelo_neuronal_Lasso_con_22_caracteristicas.pkl,modelo_prueba_kfold_6,0.0343391242507365
Modelo_neuronal_Lasso_con_21_caracteristicas.pkl,modelo_prueba_kfold_1,0.0374885705577567
Modelo_neuronal_Lasso_con_20_caracteristicas.pkl,modelo_prueba_kfold_1,0.022960479528599
Modelo_neuronal_Lasso_con_19_caracteristicas.pkl,modelo_prueba_kfold_1,0.0383013308950523
Modelo_neuronal_Lasso_con_18_caracteristicas.pkl,modelo_prueba_kfold_3,0.0314944630702021
Modelo_neuronal_Lasso_con_17_caracteristicas.pkl,modelo_prueba_kfold_9,0.0163568017880727
Modelo_neuronal_Lasso_con_16_caracteristicas.pkl,modelo_prueba_kfold_2,0.0146296860713197
Modelo_neuronal_Lasso_con_15_caracteristicas.pkl,modelo_prueba_kfold_5,0.0180839175048257
Modelo_neuronal_Lasso_con_14_caracteristicas.pkl,modelo_prueba_kfold_2,0.0026414710962105
Modelo_neuronal_Lasso_con_13_caracteristicas.pkl,modelo_prueba_kfold_6,0.0160520166615869
Modelo_neuronal_Lasso_con_12_caracteristicas.pkl,modelo_prueba_kfold_6,0.0004063801686477
Modelo_neuronal_Lasso_con_11_caracteristicas.pkl,modelo_prueba_kfold_7,0.0006095702529716
Modelo_neuronal_Lasso_con_10_caracteristicas.pkl,modelo_prueba_kfold_1,0.0
Modelo_neuronal_Lasso_con_9_caracteristicas.pkl,modelo_prueba_kfold_1,0.0
Modelo_neuronal_Lasso_con_8_caracteristicas.pkl,modelo_prueba_kfold_1,0.0
Modelo_neuronal_Lasso_con_7_caracteristicas.pkl,modelo_prueba_kfold_1,0.0
Modelo_neuronal_Lasso_con_6_caracteristicas.pkl,modelo_prueba_kfold_1,0.0
Modelo_neuronal_Lasso_con_5_caracteristicas.pkl,modelo_prueba_kfold_1,0.0
Modelo_neuronal_Lasso_con_4_caracteristicas.pkl,modelo_prueba_kfold_1,0.0
Modelo_neuronal_Lasso_con_3_caracteristicas.pkl,modelo_prueba_kfold_1,0.0
Modelo_neuronal_Lasso_con_2_caracteristicas.pkl,modelo_prueba_kfold_1,0.0
