Ruta,Mejor_Modelo,Precision
Modelo_neuronal_Varianza_con_23_caracteristicas.pkl,modelo_prueba_kfold_10,0.6958174904942965
Modelo_neuronal_Varianza_con_22_caracteristicas.pkl,modelo_prueba_kfold_10,0.542
Modelo_neuronal_Varianza_con_21_caracteristicas.pkl,modelo_prueba_kfold_9,0.6666666666666666
Modelo_neuronal_Varianza_con_20_caracteristicas.pkl,modelo_prueba_kfold_5,0.6647058823529411
Modelo_neuronal_Varianza_con_19_caracteristicas.pkl,modelo_prueba_kfold_4,0.47619047619047616
Modelo_neuronal_Varianza_con_18_caracteristicas.pkl,modelo_prueba_kfold_1,0.0
Modelo_neuronal_Varianza_con_17_caracteristicas.pkl,modelo_prueba_kfold_9,0.5985663082437276
Modelo_neuronal_Varianza_con_16_caracteristicas.pkl,modelo_prueba_kfold_1,0.0
Modelo_neuronal_Varianza_con_15_caracteristicas.pkl,modelo_prueba_kfold_1,0.0
Modelo_neuronal_Varianza_con_14_caracteristicas.pkl,modelo_prueba_kfold_1,0.0
Modelo_neuronal_Varianza_con_13_caracteristicas.pkl,modelo_prueba_kfold_1,0.5348837209302325
Modelo_neuronal_Varianza_con_12_caracteristicas.pkl,modelo_prueba_kfold_1,0.0
Modelo_neuronal_Varianza_con_11_caracteristicas.pkl,modelo_prueba_kfold_1,0.0
Modelo_neuronal_Varianza_con_10_caracteristicas.pkl,modelo_prueba_kfold_1,0.0
Modelo_neuronal_Varianza_con_9_caracteristicas.pkl,modelo_prueba_kfold_1,0.0
Modelo_neuronal_Varianza_con_8_caracteristicas.pkl,modelo_prueba_kfold_1,0.0
Modelo_neuronal_Varianza_con_7_caracteristicas.pkl,modelo_prueba_kfold_1,0.0
Modelo_neuronal_Varianza_con_6_caracteristicas.pkl,modelo_prueba_kfold_1,0.0
Modelo_neuronal_Varianza_con_5_caracteristicas.pkl,modelo_prueba_kfold_1,0.0
Modelo_neuronal_Varianza_con_4_caracteristicas.pkl,modelo_prueba_kfold_1,0.0
Modelo_neuronal_Varianza_con_3_caracteristicas.pkl,modelo_prueba_kfold_1,0.0
Modelo_neuronal_Varianza_con_2_caracteristicas.pkl,modelo_prueba_kfold_1,0.0
