Ruta,Mejor_Modelo,Precision
Modelo_neuronal_CART_con_23_caracteristicas.pkl,modelo_prueba_kfold_9,0.5494505494505495
Modelo_neuronal_CART_con_22_caracteristicas.pkl,modelo_prueba_kfold_7,0.6642857142857143
Modelo_neuronal_CART_con_21_caracteristicas.pkl,modelo_prueba_kfold_8,0.5277777777777778
Modelo_neuronal_CART_con_20_caracteristicas.pkl,modelo_prueba_kfold_1,0.875
Modelo_neuronal_CART_con_19_caracteristicas.pkl,modelo_prueba_kfold_1,0.9777777777777777
Modelo_neuronal_CART_con_18_caracteristicas.pkl,modelo_prueba_kfold_8,0.48775055679287305
Modelo_neuronal_CART_con_17_caracteristicas.pkl,modelo_prueba_kfold_3,0.6853146853146853
Modelo_neuronal_CART_con_16_caracteristicas.pkl,modelo_prueba_kfold_7,0.7327586206896551
Modelo_neuronal_CART_con_15_caracteristicas.pkl,modelo_prueba_kfold_3,1.0
Modelo_neuronal_CART_con_14_caracteristicas.pkl,modelo_prueba_kfold_3,0.5
Modelo_neuronal_CART_con_13_caracteristicas.pkl,modelo_prueba_kfold_9,0.572347266881029
Modelo_neuronal_CART_con_12_caracteristicas.pkl,modelo_prueba_kfold_3,0.3778705636743215
Modelo_neuronal_CART_con_11_caracteristicas.pkl,modelo_prueba_kfold_6,1.0
Modelo_neuronal_CART_con_10_caracteristicas.pkl,modelo_prueba_kfold_1,0.0
Modelo_neuronal_CART_con_9_caracteristicas.pkl,modelo_prueba_kfold_1,0.0
Modelo_neuronal_CART_con_8_caracteristicas.pkl,modelo_prueba_kfold_1,0.0
Modelo_neuronal_CART_con_7_caracteristicas.pkl,modelo_prueba_kfold_1,0.0
Modelo_neuronal_CART_con_6_caracteristicas.pkl,modelo_prueba_kfold_1,0.0
Modelo_neuronal_CART_con_5_caracteristicas.pkl,modelo_prueba_kfold_1,0.0
Modelo_neuronal_CART_con_4_caracteristicas.pkl,modelo_prueba_kfold_1,0.0
Modelo_neuronal_CART_con_3_caracteristicas.pkl,modelo_prueba_kfold_1,0.0
Modelo_neuronal_CART_con_2_caracteristicas.pkl,modelo_prueba_kfold_1,0.0
