Ruta,Mejor_Modelo,Recall
Segundo_Modelo_neuronal_Graficas_CART_con_15_caracteristicas.pkl,modelo_prueba_kfold_3,0.0001015950421619425
Segundo_Modelo_neuronal_Graficas_CART_con_10_caracteristicas.pkl,modelo_prueba_kfold_1,0.0
Segundo_Modelo_neuronal_Graficas_CART_con_7_caracteristicas.pkl,modelo_prueba_kfold_1,0.0
Segundo_Modelo_neuronal_Graficas_CART_con_6_caracteristicas.pkl,modelo_prueba_kfold_1,0.0
Segundo_Modelo_neuronal_Graficas_CART_con_4_caracteristicas.pkl,modelo_prueba_kfold_1,0.0
Segundo_Modelo_neuronal_Graficas_CART_con_3_caracteristicas.pkl,modelo_prueba_kfold_1,0.0
Segundo_Modelo_neuronal_Graficas_CART_con_2_caracteristicas.pkl,modelo_prueba_kfold_1,0.0
