Ruta,Mejor_Modelo,Precision
Modelo_neuronal_DR_con_23_caracteristicas.pkl,modelo_prueba_kfold_10,0.6701030927835051
Modelo_neuronal_DR_con_22_caracteristicas.pkl,modelo_prueba_kfold_2,0.8507462686567164
Modelo_neuronal_DR_con_21_caracteristicas.pkl,modelo_prueba_kfold_1,0.6390243902439025
Modelo_neuronal_DR_con_20_caracteristicas.pkl,modelo_prueba_kfold_3,0.8823529411764706
Modelo_neuronal_DR_con_19_caracteristicas.pkl,modelo_prueba_kfold_9,0.746268656716418
Modelo_neuronal_DR_con_18_caracteristicas.pkl,modelo_prueba_kfold_8,0.8402777777777778
Modelo_neuronal_DR_con_17_caracteristicas.pkl,modelo_prueba_kfold_4,0.7323943661971831
Modelo_neuronal_DR_con_16_caracteristicas.pkl,modelo_prueba_kfold_7,0.8634146341463415
Modelo_neuronal_DR_con_15_caracteristicas.pkl,modelo_prueba_kfold_8,0.8857142857142857
Modelo_neuronal_DR_con_14_caracteristicas.pkl,modelo_prueba_kfold_1,0.9863013698630136
Modelo_neuronal_DR_con_13_caracteristicas.pkl,modelo_prueba_kfold_5,0.7951807228915663
Modelo_neuronal_DR_con_12_caracteristicas.pkl,modelo_prueba_kfold_3,0.5
Modelo_neuronal_DR_con_11_caracteristicas.pkl,modelo_prueba_kfold_8,0.288
Modelo_neuronal_DR_con_10_caracteristicas.pkl,modelo_prueba_kfold_6,1.0
Modelo_neuronal_DR_con_9_caracteristicas.pkl,modelo_prueba_kfold_2,0.5833333333333334
Modelo_neuronal_DR_con_8_caracteristicas.pkl,modelo_prueba_kfold_1,0.0
Modelo_neuronal_DR_con_7_caracteristicas.pkl,modelo_prueba_kfold_1,0.0
Modelo_neuronal_DR_con_6_caracteristicas.pkl,modelo_prueba_kfold_1,0.0
Modelo_neuronal_DR_con_5_caracteristicas.pkl,modelo_prueba_kfold_1,0.0
Modelo_neuronal_DR_con_4_caracteristicas.pkl,modelo_prueba_kfold_1,0.0
Modelo_neuronal_DR_con_3_caracteristicas.pkl,modelo_prueba_kfold_1,0.0
Modelo_neuronal_DR_con_2_caracteristicas.pkl,modelo_prueba_kfold_1,0.0
