Ruta,Mejor_Modelo,Precision
Modelo_neuronal_PCA_con_23_caracteristicas.pkl,modelo_prueba_kfold_6,0.625
Modelo_neuronal_PCA_con_22_caracteristicas.pkl,modelo_prueba_kfold_6,0.6383928571428571
Modelo_neuronal_PCA_con_21_caracteristicas.pkl,modelo_prueba_kfold_7,0.8028169014084507
Modelo_neuronal_PCA_con_20_caracteristicas.pkl,modelo_prueba_kfold_8,1.0
Modelo_neuronal_PCA_con_19_caracteristicas.pkl,modelo_prueba_kfold_2,0.9285714285714286
Modelo_neuronal_PCA_con_18_caracteristicas.pkl,modelo_prueba_kfold_3,0.7614678899082569
Modelo_neuronal_PCA_con_17_caracteristicas.pkl,modelo_prueba_kfold_8,0.7035830618892508
Modelo_neuronal_PCA_con_16_caracteristicas.pkl,modelo_prueba_kfold_1,0.907563025210084
Modelo_neuronal_PCA_con_15_caracteristicas.pkl,modelo_prueba_kfold_6,0.5819209039548022
Modelo_neuronal_PCA_con_14_caracteristicas.pkl,modelo_prueba_kfold_5,0.7464788732394366
Modelo_neuronal_PCA_con_13_caracteristicas.pkl,modelo_prueba_kfold_2,0.45274725274725275
Modelo_neuronal_PCA_con_12_caracteristicas.pkl,modelo_prueba_kfold_6,1.0
Modelo_neuronal_PCA_con_11_caracteristicas.pkl,modelo_prueba_kfold_5,0.53
Modelo_neuronal_PCA_con_10_caracteristicas.pkl,modelo_prueba_kfold_6,0.07514450867052024
Modelo_neuronal_PCA_con_9_caracteristicas.pkl,modelo_prueba_kfold_1,0.0
Modelo_neuronal_PCA_con_8_caracteristicas.pkl,modelo_prueba_kfold_8,0.3090909090909091
Modelo_neuronal_PCA_con_7_caracteristicas.pkl,modelo_prueba_kfold_1,0.0
Modelo_neuronal_PCA_con_6_caracteristicas.pkl,modelo_prueba_kfold_1,0.0
Modelo_neuronal_PCA_con_5_caracteristicas.pkl,modelo_prueba_kfold_1,0.0
Modelo_neuronal_PCA_con_4_caracteristicas.pkl,modelo_prueba_kfold_1,0.0
Modelo_neuronal_PCA_con_3_caracteristicas.pkl,modelo_prueba_kfold_1,0.0
Modelo_neuronal_PCA_con_2_caracteristicas.pkl,modelo_prueba_kfold_1,0.0
