Ruta,Mejor_Modelo,Precision
Modelo_neuronal_Chi-cuadradada_con_23_caracteristicas.pkl,modelo_prueba_kfold_1,1.0
Modelo_neuronal_Chi-cuadradada_con_22_caracteristicas.pkl,modelo_prueba_kfold_7,0.6526946107784432
Modelo_neuronal_Chi-cuadradada_con_21_caracteristicas.pkl,modelo_prueba_kfold_5,0.33136094674556216
Modelo_neuronal_Chi-cuadradada_con_20_caracteristicas.pkl,modelo_prueba_kfold_5,0.591743119266055
Modelo_neuronal_Chi-cuadradada_con_19_caracteristicas.pkl,modelo_prueba_kfold_6,0.14285714285714285
Modelo_neuronal_Chi-cuadradada_con_18_caracteristicas.pkl,modelo_prueba_kfold_7,0.6111111111111112
Modelo_neuronal_Chi-cuadradada_con_17_caracteristicas.pkl,modelo_prueba_kfold_9,0.1095890410958904
Modelo_neuronal_Chi-cuadradada_con_16_caracteristicas.pkl,modelo_prueba_kfold_1,0.0
Modelo_neuronal_Chi-cuadradada_con_15_caracteristicas.pkl,modelo_prueba_kfold_1,0.0
Modelo_neuronal_Chi-cuadradada_con_14_caracteristicas.pkl,modelo_prueba_kfold_1,0.0
Modelo_neuronal_Chi-cuadradada_con_13_caracteristicas.pkl,modelo_prueba_kfold_1,0.0
Modelo_neuronal_Chi-cuadradada_con_12_caracteristicas.pkl,modelo_prueba_kfold_1,0.0
Modelo_neuronal_Chi-cuadradada_con_11_caracteristicas.pkl,modelo_prueba_kfold_1,0.0
Modelo_neuronal_Chi-cuadradada_con_10_caracteristicas.pkl,modelo_prueba_kfold_1,0.0
Modelo_neuronal_Chi-cuadradada_con_9_caracteristicas.pkl,modelo_prueba_kfold_1,0.0
Modelo_neuronal_Chi-cuadradada_con_8_caracteristicas.pkl,modelo_prueba_kfold_1,0.0
Modelo_neuronal_Chi-cuadradada_con_7_caracteristicas.pkl,modelo_prueba_kfold_1,0.0
Modelo_neuronal_Chi-cuadradada_con_6_caracteristicas.pkl,modelo_prueba_kfold_1,0.0
Modelo_neuronal_Chi-cuadradada_con_5_caracteristicas.pkl,modelo_prueba_kfold_1,0.0
Modelo_neuronal_Chi-cuadradada_con_4_caracteristicas.pkl,modelo_prueba_kfold_1,0.0
Modelo_neuronal_Chi-cuadradada_con_3_caracteristicas.pkl,modelo_prueba_kfold_1,0.0
Modelo_neuronal_Chi-cuadradada_con_2_caracteristicas.pkl,modelo_prueba_kfold_1,0.0
