Ruta,Mejor_Modelo,Recall
Modelo_neuronal_ID3_con_23_caracteristicas.pkl,modelo_prueba_kfold_10,0.0521182566290765
Modelo_neuronal_ID3_con_22_caracteristicas.pkl,modelo_prueba_kfold_4,0.03931728131667175
Modelo_neuronal_ID3_con_21_caracteristicas.pkl,modelo_prueba_kfold_5,0.053743777303667584
Modelo_neuronal_ID3_con_20_caracteristicas.pkl,modelo_prueba_kfold_3,0.033627958955602964
Modelo_neuronal_ID3_con_19_caracteristicas.pkl,modelo_prueba_kfold_5,0.020522198516712383
Modelo_neuronal_ID3_con_18_caracteristicas.pkl,modelo_prueba_kfold_5,0.0243828101188662
Modelo_neuronal_ID3_con_17_caracteristicas.pkl,modelo_prueba_kfold_9,0.01879508279995936
Modelo_neuronal_ID3_con_16_caracteristicas.pkl,modelo_prueba_kfold_3,0.044600223509092755
Modelo_neuronal_ID3_con_15_caracteristicas.pkl,modelo_prueba_kfold_9,0.023062074570760947
Modelo_neuronal_ID3_con_14_caracteristicas.pkl,modelo_prueba_kfold_2,0.0277354465102103
Modelo_neuronal_ID3_con_13_caracteristicas.pkl,modelo_prueba_kfold_5,0.0013207355481052526
Modelo_neuronal_ID3_con_12_caracteristicas.pkl,modelo_prueba_kfold_9,0.011886619932947273
Modelo_neuronal_ID3_con_11_caracteristicas.pkl,modelo_prueba_kfold_1,0.0
Modelo_neuronal_ID3_con_10_caracteristicas.pkl,modelo_prueba_kfold_7,0.005587727318906837
Modelo_neuronal_ID3_con_9_caracteristicas.pkl,modelo_prueba_kfold_1,0.02641471096210505
Modelo_neuronal_ID3_con_8_caracteristicas.pkl,modelo_prueba_kfold_1,0.0
Modelo_neuronal_ID3_con_7_caracteristicas.pkl,modelo_prueba_kfold_1,0.0
Modelo_neuronal_ID3_con_6_caracteristicas.pkl,modelo_prueba_kfold_1,0.0
Modelo_neuronal_ID3_con_5_caracteristicas.pkl,modelo_prueba_kfold_1,0.0
Modelo_neuronal_ID3_con_4_caracteristicas.pkl,modelo_prueba_kfold_1,0.0
Modelo_neuronal_ID3_con_3_caracteristicas.pkl,modelo_prueba_kfold_1,0.0
Modelo_neuronal_ID3_con_2_caracteristicas.pkl,modelo_prueba_kfold_1,0.0
