Ruta,Mejor_Modelo,Precision
Segundo_Modelo_neuronal_MAD_con_23_caracteristicas.pkl,modelo_prueba_kfold_7,0.9096643545225258
Segundo_Modelo_neuronal_MAD_con_22_caracteristicas.pkl,modelo_prueba_kfold_2,0.9087152852324417
Segundo_Modelo_neuronal_MAD_con_21_caracteristicas.pkl,modelo_prueba_kfold_4,0.9088727946177939
Segundo_Modelo_neuronal_MAD_con_20_caracteristicas.pkl,modelo_prueba_kfold_6,0.9079332561503903
Segundo_Modelo_neuronal_MAD_con_19_caracteristicas.pkl,modelo_prueba_kfold_4,0.9074246111925969
Segundo_Modelo_neuronal_MAD_con_18_caracteristicas.pkl,modelo_prueba_kfold_9,0.9073358240549938
Segundo_Modelo_neuronal_MAD_con_17_caracteristicas.pkl,modelo_prueba_kfold_3,0.9055174434119944
Segundo_Modelo_neuronal_MAD_con_16_caracteristicas.pkl,modelo_prueba_kfold_4,0.9057436750450958
Segundo_Modelo_neuronal_MAD_con_15_caracteristicas.pkl,modelo_prueba_kfold_6,0.9054527341422159
Segundo_Modelo_neuronal_MAD_con_14_caracteristicas.pkl,modelo_prueba_kfold_9,0.9045452994985784
Segundo_Modelo_neuronal_MAD_con_13_caracteristicas.pkl,modelo_prueba_kfold_6,0.9044871113180024
