Iteración 1,Iteración 2,Iteración 3,Iteración 4,Iteración 5,Iteración 6,Iteración 7,Iteración 8,Iteración 9,Iteración 10
Sun_Hrs_Tot,Sun_Hrs_Tot,Sun_Hrs_Tot,Sun_Hrs_Tot,Sun_Hrs_Tot,T_air,T_air,T_air,Sun_Hrs_Tot,T_air
T_amb_Min,T_amb_Max,Precipitation_Tot,Precipitation_Tot,T_amb_Max,Precipitation_Tot,Irradiance_Avg,Irradiation_Tot,IMECA_Total,IMECA_Total
P_atm_q,Precipitation_Tot,Pot_Irradiance_Avg,Pot_Irradiance_Avg,Precipitation_Tot,Wind_Direction_Std,IMECA_Total,IMECA_Total,,
Irradiance_Avg,Dew_Point_Avg,Irradiation_Tot,Irradiation_Tot,Pot_Irradiance_Avg,IMECA_Total,,,,
Precipitation_Tot,Pot_Irradiance_Avg,Wind_Direction_Avg,Wind_Speed_Avg,Irradiation_Tot,,,,,
Dew_Point_Avg,Irradiation_Tot,Wind_Speed_Max,Wind_Direction_Avg,IMECA_Total,,,,,
Wind_Chill_Avg,Wind_Speed_Avg,IMECA_Total,IMECA_Total,,,,,,
Pot_Irradiance_Avg,Wind_Direction_Std,,,,,,,,
Irradiation_Tot,Wind_Direction_SMM,,,,,,,,
Wind_Speed_Avg,IMECA_Total,,,,,,,,
Wind_Direction_Avg,,,,,,,,,
Wind_Direction_Std,,,,,,,,,
Wind_Speed_Max,,,,,,,,,
Wind_Direction_SMM,,,,,,,,,
IMECA_Total,,,,,,,,,
