Ruta,Mejor_Modelo,Recall
Modelo_neuronal_Chi-cuadradada_con_23_caracteristicas.pkl,modelo_prueba_kfold_6,0.942106629640918
Modelo_neuronal_Chi-cuadradada_con_22_caracteristicas.pkl,modelo_prueba_kfold_6,0.9239188594263267
Modelo_neuronal_Chi-cuadradada_con_21_caracteristicas.pkl,modelo_prueba_kfold_10,0.9188436226534368
Modelo_neuronal_Chi-cuadradada_con_20_caracteristicas.pkl,modelo_prueba_kfold_8,0.9068712113515527
Modelo_neuronal_Chi-cuadradada_con_19_caracteristicas.pkl,modelo_prueba_kfold_9,0.8968336211859528
Modelo_neuronal_Chi-cuadradada_con_18_caracteristicas.pkl,modelo_prueba_kfold_9,0.8480431666045808
Modelo_neuronal_Chi-cuadradada_con_17_caracteristicas.pkl,modelo_prueba_kfold_6,0.8282411640534164
Modelo_neuronal_Chi-cuadradada_con_16_caracteristicas.pkl,modelo_prueba_kfold_10,0.8179574881190242
Modelo_neuronal_Chi-cuadradada_con_15_caracteristicas.pkl,modelo_prueba_kfold_10,0.6175262736067368
Modelo_neuronal_Chi-cuadradada_con_14_caracteristicas.pkl,modelo_prueba_kfold_7,0.6177723593755291
Modelo_neuronal_Chi-cuadradada_con_13_caracteristicas.pkl,modelo_prueba_kfold_9,0.5886529626243128
Modelo_neuronal_Chi-cuadradada_con_12_caracteristicas.pkl,modelo_prueba_kfold_8,0.49950669962861366
Modelo_neuronal_Chi-cuadradada_con_11_caracteristicas.pkl,modelo_prueba_kfold_7,0.4502173005068464
Modelo_neuronal_Chi-cuadradada_con_10_caracteristicas.pkl,modelo_prueba_kfold_9,0.36902028514341834
Modelo_neuronal_Chi-cuadradada_con_9_caracteristicas.pkl,modelo_prueba_kfold_10,0.20780249923803717
Modelo_neuronal_Chi-cuadradada_con_8_caracteristicas.pkl,modelo_prueba_kfold_6,0.16899545079977873
Modelo_neuronal_Chi-cuadradada_con_7_caracteristicas.pkl,modelo_prueba_kfold_10,0.18367706322598124
Modelo_neuronal_Chi-cuadradada_con_6_caracteristicas.pkl,modelo_prueba_kfold_1,0.10875862146816125
Modelo_neuronal_Chi-cuadradada_con_5_caracteristicas.pkl,modelo_prueba_kfold_9,0.1196089719710567
Modelo_neuronal_Chi-cuadradada_con_4_caracteristicas.pkl,modelo_prueba_kfold_2,0.00044250285030534957
Modelo_neuronal_Chi-cuadradada_con_3_caracteristicas.pkl,modelo_prueba_kfold_1,0.0
Modelo_neuronal_Chi-cuadradada_con_2_caracteristicas.pkl,modelo_prueba_kfold_1,0.0
