Ruta,Mejor_Modelo,Recall
Modelo_neuronal_ID3_con_23_caracteristicas.pkl,modelo_prueba_kfold_9,0.9630442389966926
Modelo_neuronal_ID3_con_22_caracteristicas.pkl,modelo_prueba_kfold_6,0.9578470881732083
Modelo_neuronal_ID3_con_21_caracteristicas.pkl,modelo_prueba_kfold_4,0.9408355627800918
Modelo_neuronal_ID3_con_20_caracteristicas.pkl,modelo_prueba_kfold_6,0.9419621389142876
Modelo_neuronal_ID3_con_19_caracteristicas.pkl,modelo_prueba_kfold_10,0.9420208382719812
Modelo_neuronal_ID3_con_18_caracteristicas.pkl,modelo_prueba_kfold_9,0.9414699673767031
Modelo_neuronal_ID3_con_17_caracteristicas.pkl,modelo_prueba_kfold_7,0.9295111020804407
Modelo_neuronal_ID3_con_16_caracteristicas.pkl,modelo_prueba_kfold_4,0.9226048968810322
Modelo_neuronal_ID3_con_15_caracteristicas.pkl,modelo_prueba_kfold_9,0.9257769198640884
Modelo_neuronal_ID3_con_14_caracteristicas.pkl,modelo_prueba_kfold_7,0.8934109970988972
Modelo_neuronal_ID3_con_13_caracteristicas.pkl,modelo_prueba_kfold_7,0.880212672288259
Modelo_neuronal_ID3_con_12_caracteristicas.pkl,modelo_prueba_kfold_7,0.8911623601657128
Modelo_neuronal_ID3_con_11_caracteristicas.pkl,modelo_prueba_kfold_4,0.8395069253953741
Modelo_neuronal_ID3_con_10_caracteristicas.pkl,modelo_prueba_kfold_7,0.8453339654802623
Modelo_neuronal_ID3_con_9_caracteristicas.pkl,modelo_prueba_kfold_9,0.8391208642351586
Modelo_neuronal_ID3_con_8_caracteristicas.pkl,modelo_prueba_kfold_9,0.7619131475272896
Modelo_neuronal_ID3_con_7_caracteristicas.pkl,modelo_prueba_kfold_9,0.7514714348606455
Modelo_neuronal_ID3_con_6_caracteristicas.pkl,modelo_prueba_kfold_10,0.5309198866650863
Modelo_neuronal_ID3_con_5_caracteristicas.pkl,modelo_prueba_kfold_4,0.324040773476921
Modelo_neuronal_ID3_con_4_caracteristicas.pkl,modelo_prueba_kfold_1,0.11133462020386739
Modelo_neuronal_ID3_con_3_caracteristicas.pkl,modelo_prueba_kfold_5,0.11065506225518416
Modelo_neuronal_ID3_con_2_caracteristicas.pkl,modelo_prueba_kfold_1,0.0
