Ruta,Mejor_Modelo,Recall
Modelo_neuronal_Graficas_CART_con_15_caracteristicas.pkl,modelo_prueba_kfold_6,0.8758847234921603
Modelo_neuronal_Graficas_CART_con_10_caracteristicas.pkl,modelo_prueba_kfold_6,0.7077268673733166
Modelo_neuronal_Graficas_CART_con_7_caracteristicas.pkl,modelo_prueba_kfold_4,0.21657805321322543
Modelo_neuronal_Graficas_CART_con_6_caracteristicas.pkl,modelo_prueba_kfold_8,0.1519478027250048
Modelo_neuronal_Graficas_CART_con_4_caracteristicas.pkl,modelo_prueba_kfold_9,0.09431180647273302
Modelo_neuronal_Graficas_CART_con_3_caracteristicas.pkl,modelo_prueba_kfold_4,0.10804745617302765
Modelo_neuronal_Graficas_CART_con_2_caracteristicas.pkl,modelo_prueba_kfold_1,0.0
