Ruta,Mejor_Modelo,Precision
Modelo_neuronal_Chi-cuadradada_con_23_caracteristicas.pkl,modelo_prueba_kfold_2,0.8132271943834571
Modelo_neuronal_Chi-cuadradada_con_22_caracteristicas.pkl,modelo_prueba_kfold_2,0.8089012734158126
Modelo_neuronal_Chi-cuadradada_con_21_caracteristicas.pkl,modelo_prueba_kfold_2,0.7783045468677967
Modelo_neuronal_Chi-cuadradada_con_20_caracteristicas.pkl,modelo_prueba_kfold_4,0.7695542434244338
Modelo_neuronal_Chi-cuadradada_con_19_caracteristicas.pkl,modelo_prueba_kfold_2,0.7503963769734802
Modelo_neuronal_Chi-cuadradada_con_18_caracteristicas.pkl,modelo_prueba_kfold_1,0.7061466317278879
Modelo_neuronal_Chi-cuadradada_con_17_caracteristicas.pkl,modelo_prueba_kfold_7,0.6923829133920698
Modelo_neuronal_Chi-cuadradada_con_16_caracteristicas.pkl,modelo_prueba_kfold_1,0.6685246247435441
Modelo_neuronal_Chi-cuadradada_con_15_caracteristicas.pkl,modelo_prueba_kfold_2,0.635694374100203
Modelo_neuronal_Chi-cuadradada_con_14_caracteristicas.pkl,modelo_prueba_kfold_6,0.5992715012085226
Modelo_neuronal_Chi-cuadradada_con_13_caracteristicas.pkl,modelo_prueba_kfold_1,0.5818322118818221
Modelo_neuronal_Chi-cuadradada_con_12_caracteristicas.pkl,modelo_prueba_kfold_5,0.5392247751246524
Modelo_neuronal_Chi-cuadradada_con_11_caracteristicas.pkl,modelo_prueba_kfold_6,0.582762773770406
Modelo_neuronal_Chi-cuadradada_con_10_caracteristicas.pkl,modelo_prueba_kfold_10,0.4965444477489343
Modelo_neuronal_Chi-cuadradada_con_9_caracteristicas.pkl,modelo_prueba_kfold_4,0.5043100222983793
Modelo_neuronal_Chi-cuadradada_con_8_caracteristicas.pkl,modelo_prueba_kfold_2,0.5120338092736737
Modelo_neuronal_Chi-cuadradada_con_7_caracteristicas.pkl,modelo_prueba_kfold_7,0.5438279519757547
Modelo_neuronal_Chi-cuadradada_con_6_caracteristicas.pkl,modelo_prueba_kfold_10,0.46474676031259277
Modelo_neuronal_Chi-cuadradada_con_5_caracteristicas.pkl,modelo_prueba_kfold_8,0.49344528553612343
Modelo_neuronal_Chi-cuadradada_con_4_caracteristicas.pkl,modelo_prueba_kfold_2,0.07523992322456814
Modelo_neuronal_Chi-cuadradada_con_3_caracteristicas.pkl,modelo_prueba_kfold_1,0.0
Modelo_neuronal_Chi-cuadradada_con_2_caracteristicas.pkl,modelo_prueba_kfold_1,0.0
