Ruta,Mejor_Modelo,Precision
Modelo_neuronal_PCA_con_23_caracteristicas.pkl,modelo_prueba_kfold_9,0.8661235778986103
Modelo_neuronal_PCA_con_22_caracteristicas.pkl,modelo_prueba_kfold_4,0.8561670902804921
Modelo_neuronal_PCA_con_21_caracteristicas.pkl,modelo_prueba_kfold_2,0.8319916734449687
Modelo_neuronal_PCA_con_20_caracteristicas.pkl,modelo_prueba_kfold_3,0.8162208392698176
Modelo_neuronal_PCA_con_19_caracteristicas.pkl,modelo_prueba_kfold_10,0.8233267846245238
Modelo_neuronal_PCA_con_18_caracteristicas.pkl,modelo_prueba_kfold_2,0.7977891227339029
Modelo_neuronal_PCA_con_17_caracteristicas.pkl,modelo_prueba_kfold_3,0.794643920447779
Modelo_neuronal_PCA_con_16_caracteristicas.pkl,modelo_prueba_kfold_1,0.800157540165311
Modelo_neuronal_PCA_con_15_caracteristicas.pkl,modelo_prueba_kfold_2,0.770560615418938
Modelo_neuronal_PCA_con_14_caracteristicas.pkl,modelo_prueba_kfold_4,0.7547064977869659
Modelo_neuronal_PCA_con_13_caracteristicas.pkl,modelo_prueba_kfold_1,0.764593265668865
Modelo_neuronal_PCA_con_12_caracteristicas.pkl,modelo_prueba_kfold_3,0.6987954195416767
Modelo_neuronal_PCA_con_11_caracteristicas.pkl,modelo_prueba_kfold_1,0.7228102813655799
Modelo_neuronal_PCA_con_10_caracteristicas.pkl,modelo_prueba_kfold_2,0.7278780174148645
Modelo_neuronal_PCA_con_9_caracteristicas.pkl,modelo_prueba_kfold_3,0.6974655955039989
Modelo_neuronal_PCA_con_8_caracteristicas.pkl,modelo_prueba_kfold_1,0.6674989151047147
Modelo_neuronal_PCA_con_7_caracteristicas.pkl,modelo_prueba_kfold_3,0.6058907820128168
Modelo_neuronal_PCA_con_6_caracteristicas.pkl,modelo_prueba_kfold_10,0.5761902562918495
Modelo_neuronal_PCA_con_5_caracteristicas.pkl,modelo_prueba_kfold_3,0.553735720155326
Modelo_neuronal_PCA_con_4_caracteristicas.pkl,modelo_prueba_kfold_5,0.4748483309725526
Modelo_neuronal_PCA_con_3_caracteristicas.pkl,modelo_prueba_kfold_8,0.43530813238842436
Modelo_neuronal_PCA_con_2_caracteristicas.pkl,modelo_prueba_kfold_1,0.0
