Ruta,Mejor_Modelo,Recall
Modelo_neuronal_Graficas_centralidad_con_14_caracteristicas.pkl,modelo_prueba_kfold_9,0.8486414485195345
Modelo_neuronal_Graficas_centralidad_con_9_caracteristicas.pkl,modelo_prueba_kfold_8,0.5851219704922844
Modelo_neuronal_Graficas_centralidad_con_6_caracteristicas.pkl,modelo_prueba_kfold_5,0.05121744725524061
Modelo_neuronal_Graficas_centralidad_con_5_caracteristicas.pkl,modelo_prueba_kfold_6,0.19871312946594874
Modelo_neuronal_Graficas_centralidad_con_3_caracteristicas.pkl,modelo_prueba_kfold_1,0.0
Modelo_neuronal_Graficas_centralidad_con_2_caracteristicas.pkl,modelo_prueba_kfold_1,0.0
