Ruta,Mejor_Modelo,Recall
Modelo_neuronal_Graficas_ID3_con_15_caracteristicas.pkl,modelo_prueba_kfold_9,0.8674613656631334
Modelo_neuronal_Graficas_ID3_con_10_caracteristicas.pkl,modelo_prueba_kfold_8,0.6409518326616772
Modelo_neuronal_Graficas_ID3_con_7_caracteristicas.pkl,modelo_prueba_kfold_4,0.21657805321322543
Modelo_neuronal_Graficas_ID3_con_6_caracteristicas.pkl,modelo_prueba_kfold_2,0.1613351846207683
Modelo_neuronal_Graficas_ID3_con_4_caracteristicas.pkl,modelo_prueba_kfold_9,0.09431180647273302
Modelo_neuronal_Graficas_ID3_con_3_caracteristicas.pkl,modelo_prueba_kfold_4,0.10804745617302765
Modelo_neuronal_Graficas_ID3_con_2_caracteristicas.pkl,modelo_prueba_kfold_1,0.0
