Ruta,Mejor_Modelo,Recall
Modelo_neuronal_DR_con_23_caracteristicas.pkl,modelo_prueba_kfold_7,0.9591949157325567
Modelo_neuronal_DR_con_22_caracteristicas.pkl,modelo_prueba_kfold_6,0.9473692528249066
Modelo_neuronal_DR_con_21_caracteristicas.pkl,modelo_prueba_kfold_8,0.9324392969623082
Modelo_neuronal_DR_con_20_caracteristicas.pkl,modelo_prueba_kfold_7,0.92644293180715
Modelo_neuronal_DR_con_19_caracteristicas.pkl,modelo_prueba_kfold_8,0.9336313454570083
Modelo_neuronal_DR_con_18_caracteristicas.pkl,modelo_prueba_kfold_8,0.9455337690631809
Modelo_neuronal_DR_con_17_caracteristicas.pkl,modelo_prueba_kfold_7,0.9237472766884531
Modelo_neuronal_DR_con_16_caracteristicas.pkl,modelo_prueba_kfold_10,0.9337690631808279
Modelo_neuronal_DR_con_15_caracteristicas.pkl,modelo_prueba_kfold_6,0.8913294275683791
Modelo_neuronal_DR_con_14_caracteristicas.pkl,modelo_prueba_kfold_9,0.9203449716098299
Modelo_neuronal_DR_con_13_caracteristicas.pkl,modelo_prueba_kfold_8,0.9081197015363428
Modelo_neuronal_DR_con_12_caracteristicas.pkl,modelo_prueba_kfold_6,0.8848070258615824
Modelo_neuronal_DR_con_11_caracteristicas.pkl,modelo_prueba_kfold_7,0.8690236716448237
Modelo_neuronal_DR_con_10_caracteristicas.pkl,modelo_prueba_kfold_8,0.8464176459299897
Modelo_neuronal_DR_con_9_caracteristicas.pkl,modelo_prueba_kfold_6,0.7888426067030151
Modelo_neuronal_DR_con_8_caracteristicas.pkl,modelo_prueba_kfold_10,0.7516430175985189
Modelo_neuronal_DR_con_7_caracteristicas.pkl,modelo_prueba_kfold_9,0.7502590673575129
Modelo_neuronal_DR_con_6_caracteristicas.pkl,modelo_prueba_kfold_1,0.4752706379039814
Modelo_neuronal_DR_con_5_caracteristicas.pkl,modelo_prueba_kfold_1,0.3825233950805423
Modelo_neuronal_DR_con_4_caracteristicas.pkl,modelo_prueba_kfold_1,0.3398873423865804
Modelo_neuronal_DR_con_3_caracteristicas.pkl,modelo_prueba_kfold_1,0.07747637915269735
Modelo_neuronal_DR_con_2_caracteristicas.pkl,modelo_prueba_kfold_1,0.0
