Ruta,Mejor_Modelo,Precision
Modelo_neuronal_CART_con_23_caracteristicas.pkl,modelo_prueba_kfold_8,0.8344249199670813
Modelo_neuronal_CART_con_22_caracteristicas.pkl,modelo_prueba_kfold_2,0.8569038728169432
Modelo_neuronal_CART_con_21_caracteristicas.pkl,modelo_prueba_kfold_5,0.8322946199399419
Modelo_neuronal_CART_con_20_caracteristicas.pkl,modelo_prueba_kfold_7,0.8324230689992979
Modelo_neuronal_CART_con_19_caracteristicas.pkl,modelo_prueba_kfold_2,0.8507432879693934
Modelo_neuronal_CART_con_18_caracteristicas.pkl,modelo_prueba_kfold_2,0.8174925037050653
Modelo_neuronal_CART_con_17_caracteristicas.pkl,modelo_prueba_kfold_2,0.8002325267694838
Modelo_neuronal_CART_con_16_caracteristicas.pkl,modelo_prueba_kfold_2,0.7995026494375755
Modelo_neuronal_CART_con_15_caracteristicas.pkl,modelo_prueba_kfold_3,0.7712567981883283
Modelo_neuronal_CART_con_14_caracteristicas.pkl,modelo_prueba_kfold_3,0.7736773886578233
Modelo_neuronal_CART_con_13_caracteristicas.pkl,modelo_prueba_kfold_4,0.7681507770180815
Modelo_neuronal_CART_con_12_caracteristicas.pkl,modelo_prueba_kfold_3,0.768325091152469
Modelo_neuronal_CART_con_11_caracteristicas.pkl,modelo_prueba_kfold_3,0.7066989148473342
Modelo_neuronal_CART_con_10_caracteristicas.pkl,modelo_prueba_kfold_2,0.6447695722569623
Modelo_neuronal_CART_con_9_caracteristicas.pkl,modelo_prueba_kfold_1,0.6089502900556962
Modelo_neuronal_CART_con_8_caracteristicas.pkl,modelo_prueba_kfold_9,0.563893148084405
Modelo_neuronal_CART_con_7_caracteristicas.pkl,modelo_prueba_kfold_3,0.5713212338660827
Modelo_neuronal_CART_con_6_caracteristicas.pkl,modelo_prueba_kfold_1,0.5991344212557584
Modelo_neuronal_CART_con_5_caracteristicas.pkl,modelo_prueba_kfold_3,0.5453488878880769
Modelo_neuronal_CART_con_4_caracteristicas.pkl,modelo_prueba_kfold_9,0.6378339157167134
Modelo_neuronal_CART_con_3_caracteristicas.pkl,modelo_prueba_kfold_5,0.5077646668807692
Modelo_neuronal_CART_con_2_caracteristicas.pkl,modelo_prueba_kfold_1,0.0
