Ruta,Mejor_Modelo,Recall
Modelo_neuronal_PCA_con_23_caracteristicas.pkl,modelo_prueba_kfold_10,0.9495840247440369
Modelo_neuronal_PCA_con_22_caracteristicas.pkl,modelo_prueba_kfold_9,0.9529027961213271
Modelo_neuronal_PCA_con_21_caracteristicas.pkl,modelo_prueba_kfold_9,0.9469515843182408
Modelo_neuronal_PCA_con_20_caracteristicas.pkl,modelo_prueba_kfold_6,0.9330578978856943
Modelo_neuronal_PCA_con_19_caracteristicas.pkl,modelo_prueba_kfold_9,0.9361960558546966
Modelo_neuronal_PCA_con_18_caracteristicas.pkl,modelo_prueba_kfold_6,0.9484122952577692
Modelo_neuronal_PCA_con_17_caracteristicas.pkl,modelo_prueba_kfold_9,0.9217853635409259
Modelo_neuronal_PCA_con_16_caracteristicas.pkl,modelo_prueba_kfold_6,0.920451081987199
Modelo_neuronal_PCA_con_15_caracteristicas.pkl,modelo_prueba_kfold_8,0.9189316716899771
Modelo_neuronal_PCA_con_14_caracteristicas.pkl,modelo_prueba_kfold_8,0.9147685326289411
Modelo_neuronal_PCA_con_13_caracteristicas.pkl,modelo_prueba_kfold_4,0.9099551852980685
Modelo_neuronal_PCA_con_12_caracteristicas.pkl,modelo_prueba_kfold_8,0.8679467641979072
Modelo_neuronal_PCA_con_11_caracteristicas.pkl,modelo_prueba_kfold_10,0.8473590933206904
Modelo_neuronal_PCA_con_10_caracteristicas.pkl,modelo_prueba_kfold_4,0.848458577443643
Modelo_neuronal_PCA_con_9_caracteristicas.pkl,modelo_prueba_kfold_8,0.8063959723209951
Modelo_neuronal_PCA_con_8_caracteristicas.pkl,modelo_prueba_kfold_8,0.7366069513585515
Modelo_neuronal_PCA_con_7_caracteristicas.pkl,modelo_prueba_kfold_8,0.6891710973393387
Modelo_neuronal_PCA_con_6_caracteristicas.pkl,modelo_prueba_kfold_7,0.675593484371296
Modelo_neuronal_PCA_con_5_caracteristicas.pkl,modelo_prueba_kfold_1,0.37928364206937815
Modelo_neuronal_PCA_con_4_caracteristicas.pkl,modelo_prueba_kfold_5,0.20056441690089968
Modelo_neuronal_PCA_con_3_caracteristicas.pkl,modelo_prueba_kfold_8,0.1295246480860623
Modelo_neuronal_PCA_con_2_caracteristicas.pkl,modelo_prueba_kfold_1,0.0
