Ruta,Mejor_Modelo,Precision
Modelo_neuronal_ID3_con_23_caracteristicas.pkl,modelo_prueba_kfold_2,0.8458117475531323
Modelo_neuronal_ID3_con_22_caracteristicas.pkl,modelo_prueba_kfold_3,0.8480218861550298
Modelo_neuronal_ID3_con_21_caracteristicas.pkl,modelo_prueba_kfold_2,0.8365672486118605
Modelo_neuronal_ID3_con_20_caracteristicas.pkl,modelo_prueba_kfold_4,0.8263962496203102
Modelo_neuronal_ID3_con_19_caracteristicas.pkl,modelo_prueba_kfold_1,0.8201011283733809
Modelo_neuronal_ID3_con_18_caracteristicas.pkl,modelo_prueba_kfold_7,0.8076373293834711
Modelo_neuronal_ID3_con_17_caracteristicas.pkl,modelo_prueba_kfold_3,0.8147885417344384
Modelo_neuronal_ID3_con_16_caracteristicas.pkl,modelo_prueba_kfold_3,0.7939724997574934
Modelo_neuronal_ID3_con_15_caracteristicas.pkl,modelo_prueba_kfold_5,0.750568148980874
Modelo_neuronal_ID3_con_14_caracteristicas.pkl,modelo_prueba_kfold_1,0.7577475720426684
Modelo_neuronal_ID3_con_13_caracteristicas.pkl,modelo_prueba_kfold_2,0.7390301152079707
Modelo_neuronal_ID3_con_12_caracteristicas.pkl,modelo_prueba_kfold_3,0.7376007244959916
Modelo_neuronal_ID3_con_11_caracteristicas.pkl,modelo_prueba_kfold_2,0.719419754427904
Modelo_neuronal_ID3_con_10_caracteristicas.pkl,modelo_prueba_kfold_2,0.6985711489528283
Modelo_neuronal_ID3_con_9_caracteristicas.pkl,modelo_prueba_kfold_3,0.6793406100281125
Modelo_neuronal_ID3_con_8_caracteristicas.pkl,modelo_prueba_kfold_10,0.625024564949727
Modelo_neuronal_ID3_con_7_caracteristicas.pkl,modelo_prueba_kfold_2,0.6467027156624752
Modelo_neuronal_ID3_con_6_caracteristicas.pkl,modelo_prueba_kfold_3,0.6454268945121331
Modelo_neuronal_ID3_con_5_caracteristicas.pkl,modelo_prueba_kfold_9,0.562279459532723
Modelo_neuronal_ID3_con_4_caracteristicas.pkl,modelo_prueba_kfold_5,0.5531152422234226
Modelo_neuronal_ID3_con_3_caracteristicas.pkl,modelo_prueba_kfold_5,0.5077646668807692
Modelo_neuronal_ID3_con_2_caracteristicas.pkl,modelo_prueba_kfold_1,0.0
