Ruta,Mejor_Modelo,Precision
Modelo_neuronal_MAD_con_23_caracteristicas.pkl,modelo_prueba_kfold_1,0.8457191321061895
Modelo_neuronal_MAD_con_22_caracteristicas.pkl,modelo_prueba_kfold_10,0.8048894379967507
Modelo_neuronal_MAD_con_21_caracteristicas.pkl,modelo_prueba_kfold_2,0.8482674774820154
Modelo_neuronal_MAD_con_20_caracteristicas.pkl,modelo_prueba_kfold_3,0.8193308728999589
Modelo_neuronal_MAD_con_19_caracteristicas.pkl,modelo_prueba_kfold_2,0.7881194574044198
Modelo_neuronal_MAD_con_18_caracteristicas.pkl,modelo_prueba_kfold_4,0.7418592859912315
Modelo_neuronal_MAD_con_17_caracteristicas.pkl,modelo_prueba_kfold_9,0.7167683963979464
Modelo_neuronal_MAD_con_16_caracteristicas.pkl,modelo_prueba_kfold_2,0.7542310024723609
Modelo_neuronal_MAD_con_15_caracteristicas.pkl,modelo_prueba_kfold_2,0.7096031094506525
Modelo_neuronal_MAD_con_14_caracteristicas.pkl,modelo_prueba_kfold_2,0.6306730641257294
Modelo_neuronal_MAD_con_13_caracteristicas.pkl,modelo_prueba_kfold_2,0.6319296917508457
Modelo_neuronal_MAD_con_12_caracteristicas.pkl,modelo_prueba_kfold_10,0.5626514364832121
Modelo_neuronal_MAD_con_11_caracteristicas.pkl,modelo_prueba_kfold_6,0.5722177560653845
Modelo_neuronal_MAD_con_10_caracteristicas.pkl,modelo_prueba_kfold_6,0.5613245219100779
Modelo_neuronal_MAD_con_9_caracteristicas.pkl,modelo_prueba_kfold_9,0.5197125823503479
Modelo_neuronal_MAD_con_8_caracteristicas.pkl,modelo_prueba_kfold_3,0.5378493574400707
Modelo_neuronal_MAD_con_7_caracteristicas.pkl,modelo_prueba_kfold_4,0.5026171246820472
Modelo_neuronal_MAD_con_6_caracteristicas.pkl,modelo_prueba_kfold_9,0.5631311537490533
Modelo_neuronal_MAD_con_5_caracteristicas.pkl,modelo_prueba_kfold_2,0.519166976571216
Modelo_neuronal_MAD_con_4_caracteristicas.pkl,modelo_prueba_kfold_9,0.4961951040616118
Modelo_neuronal_MAD_con_3_caracteristicas.pkl,modelo_prueba_kfold_8,0.4333483958427474
Modelo_neuronal_MAD_con_2_caracteristicas.pkl,modelo_prueba_kfold_1,0.0
