Ruta,Mejor_Modelo,Recall
Modelo_neuronal_Pearson_con_23_caracteristicas.pkl,modelo_prueba_kfold_6,0.9471276823913215
Modelo_neuronal_Pearson_con_22_caracteristicas.pkl,modelo_prueba_kfold_9,0.9359770620971475
Modelo_neuronal_Pearson_con_21_caracteristicas.pkl,modelo_prueba_kfold_9,0.9478094980076084
Modelo_neuronal_Pearson_con_20_caracteristicas.pkl,modelo_prueba_kfold_9,0.8978992402948514
Modelo_neuronal_Pearson_con_19_caracteristicas.pkl,modelo_prueba_kfold_6,0.9060674816846715
Modelo_neuronal_Pearson_con_18_caracteristicas.pkl,modelo_prueba_kfold_4,0.8377978710194498
Modelo_neuronal_Pearson_con_17_caracteristicas.pkl,modelo_prueba_kfold_10,0.6682944450088614
Modelo_neuronal_Pearson_con_16_caracteristicas.pkl,modelo_prueba_kfold_9,0.7182566290765011
Modelo_neuronal_Pearson_con_15_caracteristicas.pkl,modelo_prueba_kfold_8,0.6125571472112161
Modelo_neuronal_Pearson_con_14_caracteristicas.pkl,modelo_prueba_kfold_8,0.5657715014618397
Modelo_neuronal_Pearson_con_13_caracteristicas.pkl,modelo_prueba_kfold_9,0.43670064456410085
Modelo_neuronal_Pearson_con_12_caracteristicas.pkl,modelo_prueba_kfold_3,0.28841703635973676
Modelo_neuronal_Pearson_con_11_caracteristicas.pkl,modelo_prueba_kfold_1,0.28061002178649236
Modelo_neuronal_Pearson_con_10_caracteristicas.pkl,modelo_prueba_kfold_5,0.2567058371995891
Modelo_neuronal_Pearson_con_9_caracteristicas.pkl,modelo_prueba_kfold_6,0.19014302324268798
Modelo_neuronal_Pearson_con_8_caracteristicas.pkl,modelo_prueba_kfold_4,0.1855306083285358
Modelo_neuronal_Pearson_con_7_caracteristicas.pkl,modelo_prueba_kfold_4,0.12645422014516802
Modelo_neuronal_Pearson_con_6_caracteristicas.pkl,modelo_prueba_kfold_2,0.12387144840665108
Modelo_neuronal_Pearson_con_5_caracteristicas.pkl,modelo_prueba_kfold_9,0.12096131486561233
Modelo_neuronal_Pearson_con_4_caracteristicas.pkl,modelo_prueba_kfold_3,0.1288360594669647
Modelo_neuronal_Pearson_con_3_caracteristicas.pkl,modelo_prueba_kfold_4,0.09108108413198325
Modelo_neuronal_Pearson_con_2_caracteristicas.pkl,modelo_prueba_kfold_1,0.0
