Ruta,Mejor_Modelo,Recall
Modelo_neuronal_Graficas_varianza_con_14_caracteristicas.pkl,modelo_prueba_kfold_8,0.8297808933590708
Modelo_neuronal_Graficas_varianza_con_9_caracteristicas.pkl,modelo_prueba_kfold_7,0.5856683260523553
Modelo_neuronal_Graficas_varianza_con_6_caracteristicas.pkl,modelo_prueba_kfold_3,0.18378768893855757
Modelo_neuronal_Graficas_varianza_con_5_caracteristicas.pkl,modelo_prueba_kfold_6,0.21105579825482293
Modelo_neuronal_Graficas_varianza_con_3_caracteristicas.pkl,modelo_prueba_kfold_1,0.0
Modelo_neuronal_Graficas_varianza_con_2_caracteristicas.pkl,modelo_prueba_kfold_1,0.0
