Ruta,Mejor_Modelo,Recall
Modelo_neuronal_MAD_con_23_caracteristicas.pkl,modelo_prueba_kfold_6,0.9478636820300947
Modelo_neuronal_MAD_con_22_caracteristicas.pkl,modelo_prueba_kfold_9,0.9566392360052829
Modelo_neuronal_MAD_con_21_caracteristicas.pkl,modelo_prueba_kfold_6,0.9362118595279217
Modelo_neuronal_MAD_con_20_caracteristicas.pkl,modelo_prueba_kfold_6,0.9436170092677255
Modelo_neuronal_MAD_con_19_caracteristicas.pkl,modelo_prueba_kfold_5,0.9060178129973924
Modelo_neuronal_MAD_con_18_caracteristicas.pkl,modelo_prueba_kfold_10,0.9112601171729486
Modelo_neuronal_MAD_con_17_caracteristicas.pkl,modelo_prueba_kfold_8,0.8942056960953639
Modelo_neuronal_MAD_con_16_caracteristicas.pkl,modelo_prueba_kfold_8,0.8616930249359387
Modelo_neuronal_MAD_con_15_caracteristicas.pkl,modelo_prueba_kfold_8,0.8385812816778986
Modelo_neuronal_MAD_con_14_caracteristicas.pkl,modelo_prueba_kfold_9,0.7191619537855442
Modelo_neuronal_MAD_con_13_caracteristicas.pkl,modelo_prueba_kfold_9,0.7443552665741023
Modelo_neuronal_MAD_con_12_caracteristicas.pkl,modelo_prueba_kfold_7,0.5962974251300981
Modelo_neuronal_MAD_con_11_caracteristicas.pkl,modelo_prueba_kfold_6,0.5013828214072042
Modelo_neuronal_MAD_con_10_caracteristicas.pkl,modelo_prueba_kfold_9,0.4511090792102679
Modelo_neuronal_MAD_con_9_caracteristicas.pkl,modelo_prueba_kfold_5,0.44969352162281145
Modelo_neuronal_MAD_con_8_caracteristicas.pkl,modelo_prueba_kfold_8,0.29324844503143804
Modelo_neuronal_MAD_con_7_caracteristicas.pkl,modelo_prueba_kfold_8,0.31899940171808505
Modelo_neuronal_MAD_con_6_caracteristicas.pkl,modelo_prueba_kfold_8,0.19011818889904838
Modelo_neuronal_MAD_con_5_caracteristicas.pkl,modelo_prueba_kfold_2,0.15758971406639802
Modelo_neuronal_MAD_con_4_caracteristicas.pkl,modelo_prueba_kfold_7,0.15304277151275017
Modelo_neuronal_MAD_con_3_caracteristicas.pkl,modelo_prueba_kfold_9,0.03566437513404901
Modelo_neuronal_MAD_con_2_caracteristicas.pkl,modelo_prueba_kfold_1,0.0
