Ruta,Mejor_Modelo,Recall
Modelo_neuronal_CART_con_23_caracteristicas.pkl,modelo_prueba_kfold_9,0.9545373474663326
Modelo_neuronal_CART_con_22_caracteristicas.pkl,modelo_prueba_kfold_6,0.9587478975470441
Modelo_neuronal_CART_con_21_caracteristicas.pkl,modelo_prueba_kfold_6,0.9536862067797758
Modelo_neuronal_CART_con_20_caracteristicas.pkl,modelo_prueba_kfold_4,0.9475747005768341
Modelo_neuronal_CART_con_19_caracteristicas.pkl,modelo_prueba_kfold_9,0.9601702281373113
Modelo_neuronal_CART_con_18_caracteristicas.pkl,modelo_prueba_kfold_9,0.927449851558355
Modelo_neuronal_CART_con_17_caracteristicas.pkl,modelo_prueba_kfold_7,0.9351733324302663
Modelo_neuronal_CART_con_16_caracteristicas.pkl,modelo_prueba_kfold_6,0.9356180929481752
Modelo_neuronal_CART_con_15_caracteristicas.pkl,modelo_prueba_kfold_6,0.9184462731552033
Modelo_neuronal_CART_con_14_caracteristicas.pkl,modelo_prueba_kfold_8,0.9193290211882105
Modelo_neuronal_CART_con_13_caracteristicas.pkl,modelo_prueba_kfold_7,0.947035118019574
Modelo_neuronal_CART_con_12_caracteristicas.pkl,modelo_prueba_kfold_7,0.9058236535834829
Modelo_neuronal_CART_con_11_caracteristicas.pkl,modelo_prueba_kfold_6,0.8627089753575581
Modelo_neuronal_CART_con_10_caracteristicas.pkl,modelo_prueba_kfold_6,0.8004650795263414
Modelo_neuronal_CART_con_9_caracteristicas.pkl,modelo_prueba_kfold_7,0.7278291397157597
Modelo_neuronal_CART_con_8_caracteristicas.pkl,modelo_prueba_kfold_7,0.5880908033910167
Modelo_neuronal_CART_con_7_caracteristicas.pkl,modelo_prueba_kfold_9,0.6128393556616659
Modelo_neuronal_CART_con_6_caracteristicas.pkl,modelo_prueba_kfold_9,0.3168388138214411
Modelo_neuronal_CART_con_5_caracteristicas.pkl,modelo_prueba_kfold_3,0.2542449795116665
Modelo_neuronal_CART_con_4_caracteristicas.pkl,modelo_prueba_kfold_2,0.15509047602921422
Modelo_neuronal_CART_con_3_caracteristicas.pkl,modelo_prueba_kfold_5,0.11065506225518416
Modelo_neuronal_CART_con_2_caracteristicas.pkl,modelo_prueba_kfold_1,0.0
