Ruta,Mejor_Modelo,Precision
Modelo_neuronal_DR_con_23_caracteristicas.pkl,modelo_prueba_kfold_3,0.8594871620096024
Modelo_neuronal_DR_con_22_caracteristicas.pkl,modelo_prueba_kfold_3,0.8652628406048289
Modelo_neuronal_DR_con_21_caracteristicas.pkl,modelo_prueba_kfold_3,0.8218086829319262
Modelo_neuronal_DR_con_20_caracteristicas.pkl,modelo_prueba_kfold_2,0.8238290299003597
Modelo_neuronal_DR_con_19_caracteristicas.pkl,modelo_prueba_kfold_2,0.8316504697254895
Modelo_neuronal_DR_con_18_caracteristicas.pkl,modelo_prueba_kfold_2,0.795073445289731
Modelo_neuronal_DR_con_17_caracteristicas.pkl,modelo_prueba_kfold_3,0.8140913985479641
Modelo_neuronal_DR_con_16_caracteristicas.pkl,modelo_prueba_kfold_9,0.7761533587456123
Modelo_neuronal_DR_con_15_caracteristicas.pkl,modelo_prueba_kfold_10,0.7758920059544481
Modelo_neuronal_DR_con_14_caracteristicas.pkl,modelo_prueba_kfold_3,0.7534165958281567
Modelo_neuronal_DR_con_13_caracteristicas.pkl,modelo_prueba_kfold_2,0.7578365602168536
Modelo_neuronal_DR_con_12_caracteristicas.pkl,modelo_prueba_kfold_2,0.7178417198359524
Modelo_neuronal_DR_con_11_caracteristicas.pkl,modelo_prueba_kfold_4,0.6973448640292763
Modelo_neuronal_DR_con_10_caracteristicas.pkl,modelo_prueba_kfold_6,0.7239489606589206
Modelo_neuronal_DR_con_9_caracteristicas.pkl,modelo_prueba_kfold_1,0.668480389473108
Modelo_neuronal_DR_con_8_caracteristicas.pkl,modelo_prueba_kfold_2,0.6714204853375083
Modelo_neuronal_DR_con_7_caracteristicas.pkl,modelo_prueba_kfold_3,0.6528892560094343
Modelo_neuronal_DR_con_6_caracteristicas.pkl,modelo_prueba_kfold_1,0.5567371291200436
Modelo_neuronal_DR_con_5_caracteristicas.pkl,modelo_prueba_kfold_4,0.5365441608086245
Modelo_neuronal_DR_con_4_caracteristicas.pkl,modelo_prueba_kfold_6,0.4589295692524477
Modelo_neuronal_DR_con_3_caracteristicas.pkl,modelo_prueba_kfold_2,0.3996860548979678
Modelo_neuronal_DR_con_2_caracteristicas.pkl,modelo_prueba_kfold_1,0.0
