Ruta,Mejor_Modelo,Recall
Modelo_neuronal_Varianza_con_23_caracteristicas.pkl,modelo_prueba_kfold_10,0.9604185715737072
Modelo_neuronal_Varianza_con_22_caracteristicas.pkl,modelo_prueba_kfold_8,0.9579306218745414
Modelo_neuronal_Varianza_con_21_caracteristicas.pkl,modelo_prueba_kfold_6,0.9502048833350266
Modelo_neuronal_Varianza_con_20_caracteristicas.pkl,modelo_prueba_kfold_8,0.8743585401921276
Modelo_neuronal_Varianza_con_19_caracteristicas.pkl,modelo_prueba_kfold_4,0.8879700181742242
Modelo_neuronal_Varianza_con_18_caracteristicas.pkl,modelo_prueba_kfold_9,0.8922324946098186
Modelo_neuronal_Varianza_con_17_caracteristicas.pkl,modelo_prueba_kfold_6,0.8293790285256302
Modelo_neuronal_Varianza_con_16_caracteristicas.pkl,modelo_prueba_kfold_9,0.8128506439996839
Modelo_neuronal_Varianza_con_15_caracteristicas.pkl,modelo_prueba_kfold_5,0.6986465282716425
Modelo_neuronal_Varianza_con_14_caracteristicas.pkl,modelo_prueba_kfold_8,0.6708681860769639
Modelo_neuronal_Varianza_con_13_caracteristicas.pkl,modelo_prueba_kfold_5,0.7084357750008466
Modelo_neuronal_Varianza_con_12_caracteristicas.pkl,modelo_prueba_kfold_6,0.5873615767550544
Modelo_neuronal_Varianza_con_11_caracteristicas.pkl,modelo_prueba_kfold_5,0.5115423256233985
Modelo_neuronal_Varianza_con_10_caracteristicas.pkl,modelo_prueba_kfold_8,0.42237122828405976
Modelo_neuronal_Varianza_con_9_caracteristicas.pkl,modelo_prueba_kfold_4,0.39666090961427747
Modelo_neuronal_Varianza_con_8_caracteristicas.pkl,modelo_prueba_kfold_1,0.3386975515594839
Modelo_neuronal_Varianza_con_7_caracteristicas.pkl,modelo_prueba_kfold_7,0.4247575829410636
Modelo_neuronal_Varianza_con_6_caracteristicas.pkl,modelo_prueba_kfold_10,0.17498730061972975
Modelo_neuronal_Varianza_con_5_caracteristicas.pkl,modelo_prueba_kfold_6,0.15338367932089358
Modelo_neuronal_Varianza_con_4_caracteristicas.pkl,modelo_prueba_kfold_9,0.10664318692358923
Modelo_neuronal_Varianza_con_3_caracteristicas.pkl,modelo_prueba_kfold_9,0.03566437513404901
Modelo_neuronal_Varianza_con_2_caracteristicas.pkl,modelo_prueba_kfold_1,0.0
