Ruta,Mejor_Modelo,Precision
Modelo_neuronal_Pearson_con_23_caracteristicas.pkl,modelo_prueba_kfold_1,0.865892918400197
Modelo_neuronal_Pearson_con_22_caracteristicas.pkl,modelo_prueba_kfold_1,0.8210776896850854
Modelo_neuronal_Pearson_con_21_caracteristicas.pkl,modelo_prueba_kfold_3,0.8324830489302908
Modelo_neuronal_Pearson_con_20_caracteristicas.pkl,modelo_prueba_kfold_1,0.776077772853501
Modelo_neuronal_Pearson_con_19_caracteristicas.pkl,modelo_prueba_kfold_2,0.7687249148333212
Modelo_neuronal_Pearson_con_18_caracteristicas.pkl,modelo_prueba_kfold_8,0.6817444789363817
Modelo_neuronal_Pearson_con_17_caracteristicas.pkl,modelo_prueba_kfold_9,0.6346202818691353
Modelo_neuronal_Pearson_con_16_caracteristicas.pkl,modelo_prueba_kfold_4,0.6374639662374094
Modelo_neuronal_Pearson_con_15_caracteristicas.pkl,modelo_prueba_kfold_2,0.6130135536910266
Modelo_neuronal_Pearson_con_14_caracteristicas.pkl,modelo_prueba_kfold_2,0.5633429128986905
Modelo_neuronal_Pearson_con_13_caracteristicas.pkl,modelo_prueba_kfold_2,0.5897509829619921
Modelo_neuronal_Pearson_con_12_caracteristicas.pkl,modelo_prueba_kfold_6,0.5950027839643652
Modelo_neuronal_Pearson_con_11_caracteristicas.pkl,modelo_prueba_kfold_2,0.5691268626599965
Modelo_neuronal_Pearson_con_10_caracteristicas.pkl,modelo_prueba_kfold_6,0.5350475389642481
Modelo_neuronal_Pearson_con_9_caracteristicas.pkl,modelo_prueba_kfold_7,0.5321833708628967
Modelo_neuronal_Pearson_con_8_caracteristicas.pkl,modelo_prueba_kfold_9,0.5028666105617505
Modelo_neuronal_Pearson_con_7_caracteristicas.pkl,modelo_prueba_kfold_3,0.5093708055081445
Modelo_neuronal_Pearson_con_6_caracteristicas.pkl,modelo_prueba_kfold_6,0.45966453674121405
Modelo_neuronal_Pearson_con_5_caracteristicas.pkl,modelo_prueba_kfold_5,0.5438179276967686
Modelo_neuronal_Pearson_con_4_caracteristicas.pkl,modelo_prueba_kfold_5,0.46453078793829855
Modelo_neuronal_Pearson_con_3_caracteristicas.pkl,modelo_prueba_kfold_10,0.5396933893174495
Modelo_neuronal_Pearson_con_2_caracteristicas.pkl,modelo_prueba_kfold_1,0.0
