Ruta,Mejor_Modelo,Recall
Modelo_neuronal_Lasso_con_23_caracteristicas.pkl,modelo_prueba_kfold_5,0.954056464266766
Modelo_neuronal_Lasso_con_22_caracteristicas.pkl,modelo_prueba_kfold_9,0.9587953085667196
Modelo_neuronal_Lasso_con_21_caracteristicas.pkl,modelo_prueba_kfold_10,0.9518439500152392
Modelo_neuronal_Lasso_con_20_caracteristicas.pkl,modelo_prueba_kfold_9,0.9460281982683688
Modelo_neuronal_Lasso_con_19_caracteristicas.pkl,modelo_prueba_kfold_6,0.9451296465621366
Modelo_neuronal_Lasso_con_18_caracteristicas.pkl,modelo_prueba_kfold_9,0.9337600325104136
Modelo_neuronal_Lasso_con_17_caracteristicas.pkl,modelo_prueba_kfold_6,0.943878898709743
Modelo_neuronal_Lasso_con_16_caracteristicas.pkl,modelo_prueba_kfold_9,0.9334394437107024
Modelo_neuronal_Lasso_con_15_caracteristicas.pkl,modelo_prueba_kfold_8,0.9358461173761388
Modelo_neuronal_Lasso_con_14_caracteristicas.pkl,modelo_prueba_kfold_4,0.9102893201034012
Modelo_neuronal_Lasso_con_13_caracteristicas.pkl,modelo_prueba_kfold_6,0.8873649632564597
Modelo_neuronal_Lasso_con_12_caracteristicas.pkl,modelo_prueba_kfold_8,0.7405894770112996
Modelo_neuronal_Lasso_con_11_caracteristicas.pkl,modelo_prueba_kfold_7,0.7198595730750562
Modelo_neuronal_Lasso_con_10_caracteristicas.pkl,modelo_prueba_kfold_7,0.5050605619334665
Modelo_neuronal_Lasso_con_9_caracteristicas.pkl,modelo_prueba_kfold_10,0.3818618984726878
Modelo_neuronal_Lasso_con_8_caracteristicas.pkl,modelo_prueba_kfold_1,0.3491573255669568
Modelo_neuronal_Lasso_con_7_caracteristicas.pkl,modelo_prueba_kfold_6,0.2757018524162687
Modelo_neuronal_Lasso_con_6_caracteristicas.pkl,modelo_prueba_kfold_4,0.1407317100703263
Modelo_neuronal_Lasso_con_5_caracteristicas.pkl,modelo_prueba_kfold_4,0.1100206576585729
Modelo_neuronal_Lasso_con_4_caracteristicas.pkl,modelo_prueba_kfold_4,0.084775418515132
Modelo_neuronal_Lasso_con_3_caracteristicas.pkl,modelo_prueba_kfold_1,0.0253761838644496
Modelo_neuronal_Lasso_con_2_caracteristicas.pkl,modelo_prueba_kfold_1,0.0
