Ruta,Mejor_Modelo,Precision
Modelo_neuronal_MAD_con_23_caracteristicas.pkl,modelo_prueba_kfold_6,0.7548426772801508
Modelo_neuronal_MAD_con_22_caracteristicas.pkl,modelo_prueba_kfold_5,0.7517201616405859
Modelo_neuronal_MAD_con_21_caracteristicas.pkl,modelo_prueba_kfold_1,0.7412652109531562
Modelo_neuronal_MAD_con_20_caracteristicas.pkl,modelo_prueba_kfold_5,0.7403692537457488
Modelo_neuronal_MAD_con_19_caracteristicas.pkl,modelo_prueba_kfold_1,0.7275248721784651
Modelo_neuronal_MAD_con_18_caracteristicas.pkl,modelo_prueba_kfold_10,0.7235778346155702
Modelo_neuronal_MAD_con_17_caracteristicas.pkl,modelo_prueba_kfold_1,0.7008036310713641
Modelo_neuronal_MAD_con_16_caracteristicas.pkl,modelo_prueba_kfold_7,0.7005877377683745
Modelo_neuronal_MAD_con_15_caracteristicas.pkl,modelo_prueba_kfold_3,0.6933861086629093
Modelo_neuronal_MAD_con_14_caracteristicas.pkl,modelo_prueba_kfold_2,0.6533499655840675
Modelo_neuronal_MAD_con_13_caracteristicas.pkl,modelo_prueba_kfold_2,0.6523987650903069
Modelo_neuronal_MAD_con_12_caracteristicas.pkl,modelo_prueba_kfold_3,0.6235182734631571
Modelo_neuronal_MAD_con_11_caracteristicas.pkl,modelo_prueba_kfold_6,0.6236957504578208
Modelo_neuronal_MAD_con_10_caracteristicas.pkl,modelo_prueba_kfold_6,0.6238551305138514
Modelo_neuronal_MAD_con_9_caracteristicas.pkl,modelo_prueba_kfold_7,0.6084971794174945
Modelo_neuronal_MAD_con_8_caracteristicas.pkl,modelo_prueba_kfold_3,0.6037122853449086
Modelo_neuronal_MAD_con_7_caracteristicas.pkl,modelo_prueba_kfold_8,0.5972431060188513
Modelo_neuronal_MAD_con_6_caracteristicas.pkl,modelo_prueba_kfold_9,0.5859582360755169
Modelo_neuronal_MAD_con_5_caracteristicas.pkl,modelo_prueba_kfold_2,0.5821054930876044
Modelo_neuronal_MAD_con_4_caracteristicas.pkl,modelo_prueba_kfold_4,0.5801259419932794
Modelo_neuronal_MAD_con_3_caracteristicas.pkl,modelo_prueba_kfold_8,0.5724788742053222
Modelo_neuronal_MAD_con_2_caracteristicas.pkl,modelo_prueba_kfold_1,0.572409026372002
