Iteración 1,Iteración 2,Iteración 3,Iteración 4,Iteración 5,Iteración 6
Sun_Hrs_Tot,Sun_Hrs_Tot,Sun_Hrs_Tot,Sun_Hrs_Tot,Precipitation_Tot,Wind_Direction_Std
T_amb_Min,RH_Avg,Precipitation_Tot,Precipitation_Tot,Wind_Direction_Std,IMECA_Total
P_atm_q,Precipitation_Tot,Pot_Irradiance_Avg,Wind_Direction_Std,IMECA_Total,
Irradiance_Avg,Dew_Point_Avg,Wind_Direction_Std,Wind_Direction_SMM,,
RH_Avg,Pot_Irradiance_Avg,Wind_Direction_SMM,IMECA_Total,,
Precipitation_Tot,Irradiation_Tot,IMECA_Total,,,
Dew_Point_Avg,Wind_Direction_Std,,,,
Pot_Irradiance_Avg,Wind_Direction_SMM,,,,
Irradiation_Tot,IMECA_Total,,,,
Wind_Speed_Avg,,,,,
Wind_Direction_Std,,,,,
Wind_Speed_Max,,,,,
Wind_Direction_SMM,,,,,
IMECA_Total,,,,,
