Lasso_1e-05,Lasso_5e-05,Lasso_7e-05,Lasso_8e-05,Lasso_9e-05,Lasso_0.00025,Lasso_0.00027,Lasso_0.00043,Lasso_0.00047,Lasso_0.00065,Lasso_0.001,Lasso_0.0015,Lasso_0.0031500000000000005,Lasso_0.0032000000000000006,Lasso_0.0032500000000000007,Lasso_0.004,Lasso_0.0045,Lasso_0.005349999999999998,Lasso_0.005449999999999997,Lasso_0.005500000000000001,Lasso_0.006000000000000002,Lasso_0.007500000000000003,Lasso_0.008000000000000004
BattV_Min,BattV_Min,BattV_Min,BattV_Min,BattV_Min,BattV_Min,BattV_Min,BattV_Min,BattV_Min,BattV_Min,BattV_Min,BattV_Min,Irradiation_Tot,Irradiation_Tot,Irradiation_Tot,Irradiation_Tot,Irradiation_Tot,Irradiation_Tot,Irradiation_Tot,Irradiation_Tot,Irradiation_Tot,Irradiation_Tot,Irradiation_Tot
Wind_Chill_Avg,Wind_Chill_Avg,Wind_Chill_Avg,Wind_Chill_Avg,Wind_Chill_Avg,Wind_Chill_Avg,Wind_Chill_Avg,Wind_Chill_Avg,Wind_Chill_Avg,Wind_Chill_Avg,Wind_Chill_Avg,Wind_Chill_Avg,T_amb_Max,T_amb_Max,T_amb_Max,T_amb_Max,T_amb_Avg,T_amb_Avg,T_amb_Avg,T_amb_Avg,T_amb_Avg,Wind_Direction_Std,
Precipitation_Tot,Precipitation_Tot,Precipitation_Tot,Precipitation_Tot,Precipitation_Tot,T_Wet_Bulb_Avg,T_Wet_Bulb_Avg,T_Wet_Bulb_Avg,T_Wet_Bulb_Avg,T_Wet_Bulb_Avg,T_Wet_Bulb_Avg,T_amb_Avg,T_amb_Avg,T_amb_Avg,T_amb_Avg,T_amb_Avg,T_amb_Max,Wind_Direction_Std,Wind_Direction_Std,Wind_Direction_Std,Wind_Direction_Std,,
T_Wet_Bulb_Avg,T_Wet_Bulb_Avg,T_Wet_Bulb_Avg,T_Wet_Bulb_Avg,T_Wet_Bulb_Avg,Precipitation_Tot,T_air,T_air,T_amb_Avg,T_amb_Avg,T_amb_Avg,T_amb_Max,Wind_Chill_Avg,Wind_Chill_Avg,Wind_Chill_Avg,Wind_Chill_Avg,Wind_Chill_Avg,Heat_Inedx_Avg,Heat_Inedx_Avg,Heat_Inedx_Avg,,,
T_air,T_air,T_air,T_air,T_air,T_air,Precipitation_Tot,T_amb_Avg,T_air,T_air,T_amb_Max,Irradiation_Tot,BattV_Min,BattV_Min,BattV_Min,Pot_Irradiance_Avg,Wind_Direction_Std,T_amb_Max,Pot_Irradiance_Avg,,,,
T_amb_Avg,T_amb_Avg,T_amb_Avg,T_amb_Avg,T_amb_Avg,T_amb_Avg,T_amb_Avg,Pot_Irradiance_Avg,Pot_Irradiance_Avg,Pot_Irradiance_Avg,T_air,T_Wet_Bulb_Avg,Pot_Irradiance_Avg,Pot_Irradiance_Avg,Pot_Irradiance_Avg,Wind_Direction_Std,Pot_Irradiance_Avg,Pot_Irradiance_Avg,,,,,
Pot_Irradiance_Avg,Pot_Irradiance_Avg,Pot_Irradiance_Avg,Pot_Irradiance_Avg,Pot_Irradiance_Avg,Pot_Irradiance_Avg,Pot_Irradiance_Avg,T_amb_Max,T_amb_Max,T_amb_Max,Irradiation_Tot,Pot_Irradiance_Avg,Heat_Inedx_Avg,Heat_Inedx_Avg,Wind_Direction_Std,Heat_Inedx_Avg,Heat_Inedx_Avg,,,,,,
Irradiation_Tot,Irradiation_Tot,Irradiation_Tot,Irradiation_Tot,Irradiation_Tot,T_amb_Max,T_amb_Max,Irradiation_Tot,Irradiation_Tot,Irradiation_Tot,Pot_Irradiance_Avg,T_air,Wind_Direction_Std,Wind_Direction_Std,Heat_Inedx_Avg,Wind_Speed_Max,,,,,,,
Wind_Speed_Max,RH_Avg,RH_Avg,RH_Avg,T_amb_Max,Irradiation_Tot,Irradiation_Tot,Precipitation_Tot,Precipitation_Tot,Wind_Speed_Max,P_Sat_vap_Avg,P_Sat_vap_Avg,Wind_Speed_Max,Wind_Speed_Max,Wind_Speed_Max,,,,,,,,
RH_Avg,T_amb_Max,T_amb_Max,T_amb_Max,RH_Avg,T_amb_Min,T_amb_Min,P_atm_q,P_atm_q,P_Sat_vap_Avg,Wind_Speed_Max,Wind_Speed_Max,T_Wet_Bulb_Avg,T_Wet_Bulb_Avg,,,,,,,,,
T_amb_Max,T_amb_Min,T_amb_Min,T_amb_Min,T_amb_Min,P_atm_q,P_atm_q,Wind_Speed_Max,Wind_Speed_Max,P_atm_q,P_atm_q,Wind_Direction_Std,T_air,,,,,,,,,,
T_amb_Min,Wind_Speed_Max,P_atm_q,P_atm_q,P_atm_q,Wind_Speed_Max,Wind_Speed_Max,T_amb_Min,P_Sat_vap_Avg,T_amb_Min,T_amb_Min,P_atm_q,,,,,,,,,,,
P_atm_q,P_atm_q,Sun_Hrs_Tot,Sun_Hrs_Tot,Sun_Hrs_Tot,Sun_Hrs_Tot,P_Sat_vap_Avg,P_Sat_vap_Avg,T_amb_Min,Wind_Direction_Std,Wind_Direction_Std,,,,,,,,,,,,
Dew_Point_Avg,Sun_Hrs_Tot,Wind_Speed_Max,Dew_Point_Avg,Dew_Point_Avg,P_Sat_vap_Avg,Sun_Hrs_Tot,Sun_Hrs_Tot,Sun_Hrs_Tot,Precipitation_Tot,,,,,,,,,,,,,
Sun_Hrs_Tot,Dew_Point_Avg,Dew_Point_Avg,Wind_Speed_Max,Wind_Speed_Max,RH_Avg,RH_Avg,Wind_Direction_Std,Wind_Direction_Std,,,,,,,,,,,,,,
Wind_Speed_Std,Irradiance_Avg,Irradiance_Avg,Irradiance_Avg,Irradiance_Avg,Wind_Direction_Std,Wind_Direction_Std,Wind_Speed_Avg,,,,,,,,,,,,,,,
Irradiance_Avg,Wind_Speed_Std,P_Sat_vap_Avg,P_Sat_vap_Avg,P_Sat_vap_Avg,Wind_Speed_Avg,Wind_Speed_Avg,,,,,,,,,,,,,,,,
Heat_Inedx_Avg,Wind_Direction_Std,Wind_Direction_Std,Wind_Direction_Std,Wind_Direction_Std,Dew_Point_Avg,,,,,,,,,,,,,,,,,
Wind_Direction_Std,P_Sat_vap_Avg,Wind_Speed_Std,Wind_Speed_Avg,Wind_Speed_Avg,,,,,,,,,,,,,,,,,,
P_Sat_vap_Avg,Wind_Speed_Avg,Wind_Speed_Avg,Wind_Speed_Std,,,,,,,,,,,,,,,,,,,
Wind_Direction_Avg,Wind_Direction_Avg,Wind_Direction_Avg,,,,,,,,,,,,,,,,,,,,
Wind_Direction_SMM,Wind_Direction_SMM,,,,,,,,,,,,,,,,,,,,,
Wind_Speed_Avg,,,,,,,,,,,,,,,,,,,,,,
