Iteración 1,Iteración 2,Iteración 3,Iteración 4,Iteración 5,Iteración 6
Sun_Hrs_Tot,Sun_Hrs_Tot,Sun_Hrs_Tot,Sun_Hrs_Tot,Precipitation_Tot,Wind_Speed_Avg
T_amb_Max,T_amb_Max,Precipitation_Tot,Precipitation_Tot,Wind_Speed_Avg,IMECA_Total
T_amb_Min,Irradiance_Avg,Pot_Irradiance_Avg,Wind_Direction_Avg,IMECA_Total,
P_atm_q,Precipitation_Tot,P_Sat_vap_Avg,Wind_Direction_Std,,
Irradiance_Avg,Dew_Point_Avg,Irradiation_Tot,IMECA_Total,,
Precipitation_Tot,Pot_Irradiance_Avg,IMECA_Total,,,
Dew_Point_Avg,Wind_Direction_Std,,,,
Pot_Irradiance_Avg,Wind_Direction_SMM,,,,
Irradiation_Tot,IMECA_Total,,,,
Wind_Speed_Avg,,,,,
Wind_Speed_Std,,,,,
Wind_Direction_Std,,,,,
Wind_Direction_SMM,,,,,
IMECA_Total,,,,,
