Columna1,Columna2,Distancia
Heat_Inedx_Avg,Wind_Chill_Avg,0.0035154754718160915
T_amb_Avg,Wind_Chill_Avg,0.004649896063249034
Wind_Speed_Std,Wind_Speed_Max,0.005438363988408932
T_amb_Avg,Heat_Inedx_Avg,0.007446559397503298
T_air,Wind_Chill_Avg,0.012626140166208093
T_air,Heat_Inedx_Avg,0.014465738858901678
T_air,T_amb_Avg,0.016324760810141094
T_amb_Max,Heat_Inedx_Avg,0.01766499516520554
T_amb_Max,T_Wet_Bulb_Avg,0.0180949400716341
T_air,P_Sat_vap_Avg,0.018385116805911553
T_amb_Max,Wind_Chill_Avg,0.018497472100842585
T_amb_Avg,RH_Avg,0.020493753105960928
T_amb_Max,T_amb_Avg,0.02061116608140372
T_amb_Max,T_air,0.021064893103638977
T_amb_Max,BattV_Min,0.02140765916311646
Heat_Inedx_Avg,P_Sat_vap_Avg,0.021593387105341155
T_amb_Avg,BattV_Min,0.021913983842761834
BattV_Min,Wind_Chill_Avg,0.02238950699267764
Wind_Chill_Avg,P_Sat_vap_Avg,0.02247581286556221
BattV_Min,T_Wet_Bulb_Avg,0.02287473795157583
RH_Avg,Heat_Inedx_Avg,0.022891075999858616
BattV_Min,Heat_Inedx_Avg,0.023637983160972632
RH_Avg,Wind_Chill_Avg,0.02446371649546103
T_Wet_Bulb_Avg,Wind_Direction_Avg,0.025536481009201074
T_amb_Avg,P_Sat_vap_Avg,0.025934819990797938
T_amb_Min,BattV_Min,0.027570177109969854
T_amb_Max,RH_Avg,0.027832221268285533
T_air,BattV_Min,0.028023474784629368
T_amb_Max,T_amb_Min,0.02838229391886308
Irradiance_Avg,Irradiation_Tot,0.02913502708299469
Wind_Speed_Avg,Wind_Speed_Std,0.03017816779817433
T_amb_Min,T_Wet_Bulb_Avg,0.030412616016563986
T_amb_Max,P_Sat_vap_Avg,0.030807546829599228
Wind_Speed_Avg,Wind_Speed_Max,0.03127868242435645
RH_Avg,T_Wet_Bulb_Avg,0.03151507115790142
T_Wet_Bulb_Avg,Heat_Inedx_Avg,0.03201444027729506
T_amb_Avg,T_Wet_Bulb_Avg,0.032115108468730814
T_Wet_Bulb_Avg,Wind_Chill_Avg,0.0325360267127247
RH_Avg,BattV_Min,0.032674363210106916
T_amb_Max,Wind_Direction_Avg,0.03452235799185301
P_atm_q,Wind_Speed_Std,0.03521430659834276
T_amb_Min,Wind_Direction_Avg,0.035941754732951726
T_air,RH_Avg,0.0367598765028995
T_air,T_Wet_Bulb_Avg,0.037261481692717535
BattV_Min,Wind_Direction_Avg,0.03749882363728478
P_atm_q,Wind_Speed_Max,0.038750959380630064
T_amb_Max,P_atm_q,0.039148734905092915
RH_Avg,P_Sat_vap_Avg,0.04125023010632513
BattV_Min,P_Sat_vap_Avg,0.04139058593727857
T_amb_Min,T_air,0.04143414461069582
T_amb_Min,Wind_Chill_Avg,0.041710068359681114
BattV_Min,Dew_Point_Avg,0.04178613270683896
T_amb_Min,Dew_Point_Avg,0.0419408241305235
T_amb_Min,Heat_Inedx_Avg,0.04207158614440786
P_atm_q,P_Sat_vap_Avg,0.04266641978993982
RH_Avg,Wind_Direction_Avg,0.04284288840156699
P_Sat_vap_Avg,Wind_Speed_Max,0.04306777621459428
P_atm_q,Heat_Inedx_Avg,0.04332057583394113
T_amb_Min,T_amb_Avg,0.043754881095099216
P_Sat_vap_Avg,Wind_Speed_Std,0.04414416720897644
P_atm_q,RH_Avg,0.04473378558054862
P_atm_q,T_Wet_Bulb_Avg,0.0451753239418613
P_atm_q,Wind_Chill_Avg,0.04544604814677129
T_air,P_atm_q,0.04674377162722575
P_atm_q,T_amb_Avg,0.047191319939798825
T_Wet_Bulb_Avg,P_Sat_vap_Avg,0.04734428688250839
Irradiation_Tot,Wind_Direction_Std,0.04796203091013135
Heat_Inedx_Avg,Wind_Direction_Avg,0.048228954151881054
Wind_Direction_Avg,Wind_Direction_SMM,0.048870493316595855
Wind_Chill_Avg,Wind_Direction_Avg,0.049123510057885726
T_amb_Avg,Wind_Direction_Avg,0.04926503534393201
Dew_Point_Avg,T_Wet_Bulb_Avg,0.051386033693801486
Dew_Point_Avg,Wind_Direction_Avg,0.05236876733639163
T_amb_Min,RH_Avg,0.053131264163508496
T_amb_Min,P_Sat_vap_Avg,0.053561486554028884
T_air,Wind_Direction_Avg,0.053970637902184405
T_amb_Avg,Dew_Point_Avg,0.05419746692024239
T_amb_Max,Wind_Speed_Max,0.05460669969376786
T_amb_Max,Wind_Speed_Std,0.055707246021790446
T_amb_Min,P_atm_q,0.056229279646923806
Heat_Inedx_Avg,Wind_Speed_Max,0.05630123860384254
P_atm_q,Wind_Direction_Avg,0.057174070400948074
Heat_Inedx_Avg,Wind_Speed_Std,0.05738473381579092
Dew_Point_Avg,Wind_Chill_Avg,0.05761617575595541
P_atm_q,BattV_Min,0.057807762851908334
T_air,Dew_Point_Avg,0.05811968032366361
P_atm_q,Wind_Speed_Avg,0.05830152317886164
T_amb_Max,Dew_Point_Avg,0.059253855521850356
RH_Avg,Wind_Speed_Max,0.059404270875245586
Wind_Chill_Avg,Wind_Speed_Max,0.05971344177676631
T_air,Wind_Speed_Max,0.059970517143836784
RH_Avg,Wind_Speed_Std,0.06050481720326811
Wind_Chill_Avg,Wind_Speed_Std,0.060798239757060606
Dew_Point_Avg,Heat_Inedx_Avg,0.06087690967345256
T_air,Wind_Speed_Std,0.06106979298774399
P_Sat_vap_Avg,Wind_Direction_Avg,0.06228406455216161
T_Wet_Bulb_Avg,Wind_Speed_Std,0.06351496419022405
Wind_Direction_Avg,Wind_Speed_Max,0.06366302811949329
T_amb_Avg,Wind_Speed_Max,0.06373570026903985
Wind_Speed_Std,Wind_Direction_Avg,0.06449856802452236
T_amb_Avg,Wind_Speed_Std,0.06483071363329755
RH_Avg,Dew_Point_Avg,0.06483858067340847
T_Wet_Bulb_Avg,Wind_Speed_Max,0.0649235165109226
RH_Avg,Wind_Direction_SMM,0.06631552253201936
Dew_Point_Avg,Pot_Irradiance_Avg,0.06923547796034292
T_Wet_Bulb_Avg,Wind_Direction_SMM,0.07104258063407948
T_amb_Min,Wind_Speed_Std,0.07270291919573434
T_amb_Min,Wind_Speed_Max,0.07370266616187339
BattV_Min,Wind_Direction_SMM,0.07408994312383048
P_Sat_vap_Avg,Wind_Speed_Avg,0.07432229365886597
Dew_Point_Avg,P_Sat_vap_Avg,0.07510375627070379
BattV_Min,Wind_Speed_Max,0.07517538197182458
BattV_Min,Wind_Speed_Std,0.07627592829984715
Irradiance_Avg,Wind_Direction_Std,0.07658677171303555
Dew_Point_Avg,Wind_Direction_SMM,0.07776981700543803
Pot_Irradiance_Avg,Wind_Direction_Avg,0.07914966744441976
T_amb_Max,Wind_Direction_SMM,0.08088860807611083
T_amb_Avg,Wind_Direction_SMM,0.08098597610644015
T_amb_Min,Wind_Direction_SMM,0.08304211697621755
Heat_Inedx_Avg,Wind_Direction_SMM,0.08393556234824189
Wind_Chill_Avg,Wind_Direction_SMM,0.0849503664621386
T_amb_Max,Wind_Speed_Avg,0.08588538211812428
BattV_Min,Pot_Irradiance_Avg,0.0861899519307625
Heat_Inedx_Avg,Wind_Speed_Avg,0.08756286991212482
T_amb_Min,Pot_Irradiance_Avg,0.08783648994904517
RH_Avg,Pot_Irradiance_Avg,0.08847813009842073
Pot_Irradiance_Avg,Wind_Direction_SMM,0.08860820455370469
T_Wet_Bulb_Avg,Pot_Irradiance_Avg,0.08919917989905479
RH_Avg,Wind_Speed_Avg,0.09068295329960198
Wind_Chill_Avg,Wind_Speed_Avg,0.0909763758533945
Wind_Speed_Max,Wind_Direction_SMM,0.09121153248107493
T_air,Wind_Speed_Avg,0.09124792908407794
P_atm_q,Dew_Point_Avg,0.09253975705734362
T_Wet_Bulb_Avg,Wind_Speed_Avg,0.09294738418430094
Sun_Hrs_Tot,Wind_Direction_Std,0.09375120960902221
Wind_Speed_Avg,Wind_Direction_Avg,0.09449471130351622
Wind_Speed_Std,Wind_Direction_SMM,0.09473454357802892
T_amb_Avg,Wind_Speed_Avg,0.09500884972963143
P_atm_q,Wind_Direction_SMM,0.09588926945788613
T_air,Wind_Direction_SMM,0.09673014306750166
T_amb_Max,Pot_Irradiance_Avg,0.0982053902562239
T_amb_Avg,Pot_Irradiance_Avg,0.09951847892738058
Sun_Hrs_Tot,Wind_Speed_Avg,0.09981950243116106
Wind_Speed_Avg,Wind_Direction_SMM,0.10158531832423649
P_Sat_vap_Avg,Wind_Direction_SMM,0.102495892008804
T_amb_Min,Wind_Speed_Avg,0.10273094591413956
Wind_Chill_Avg,Pot_Irradiance_Avg,0.10319436480790922
Heat_Inedx_Avg,Pot_Irradiance_Avg,0.10338867767856424
BattV_Min,Wind_Speed_Avg,0.10645406439618102
Dew_Point_Avg,Wind_Speed_Max,0.11275637183758701
Dew_Point_Avg,Wind_Speed_Std,0.1129742836903865
T_air,Pot_Irradiance_Avg,0.11332251930082389
Sun_Hrs_Tot,Irradiation_Tot,0.11569032160372278
Pot_Irradiance_Avg,P_Sat_vap_Avg,0.12485884730104789
Sun_Hrs_Tot,Irradiance_Avg,0.12966445847156918
Sun_Hrs_Tot,Wind_Speed_Std,0.12978134204816996
Sun_Hrs_Tot,Wind_Speed_Max,0.13085705249561605
P_atm_q,Pot_Irradiance_Avg,0.13287505123060733
Pot_Irradiance_Avg,Wind_Speed_Max,0.13860120481785249
Pot_Irradiance_Avg,Wind_Speed_Std,0.1397006788727362
Dew_Point_Avg,Wind_Speed_Avg,0.14305546591767146
Sun_Hrs_Tot,P_atm_q,0.14994613605788132
Wind_Speed_Avg,Wind_Direction_Std,0.1594454291465845
Pot_Irradiance_Avg,Wind_Speed_Avg,0.16987881496906992
Sun_Hrs_Tot,P_Sat_vap_Avg,0.17337154100357063
Wind_Direction_Std,Wind_Speed_Max,0.17907424456659043
Sun_Hrs_Tot,Wind_Direction_SMM,0.18123315777150786
Wind_Speed_Std,Wind_Direction_Std,0.18265406592636374
Sun_Hrs_Tot,T_amb_Max,0.18493462291002918
Sun_Hrs_Tot,Heat_Inedx_Avg,0.18661204707363957
Irradiance_Avg,Precipitation_Tot,0.1884592603759662
Irradiation_Tot,Wind_Speed_Avg,0.18944557173163062
Sun_Hrs_Tot,RH_Avg,0.18973211239964985
Sun_Hrs_Tot,Wind_Chill_Avg,0.19002554782291636
Sun_Hrs_Tot,T_air,0.19029708995645414
Sun_Hrs_Tot,T_Wet_Bulb_Avg,0.19043759578848102
Sun_Hrs_Tot,Wind_Direction_Avg,0.1935438703994329
Sun_Hrs_Tot,T_amb_Avg,0.1940580089443181
Sun_Hrs_Tot,T_amb_Min,0.201780186706044
Sun_Hrs_Tot,BattV_Min,0.20550322350242756
P_Sat_vap_Avg,Wind_Direction_Std,0.21343080621488575
Irradiation_Tot,Wind_Speed_Max,0.21397005175798783
Wind_Direction_Std,Wind_Direction_SMM,0.21444801256902252
Irradiance_Avg,Wind_Speed_Avg,0.21472233138856706
P_atm_q,Wind_Direction_Std,0.215177002903639
Irradiation_Tot,Wind_Speed_Std,0.21611052165904945
Precipitation_Tot,Irradiation_Tot,0.21708396977677694
Heat_Inedx_Avg,Wind_Direction_Std,0.22217538162093514
RH_Avg,Wind_Direction_Std,0.2221945406193445
Wind_Chill_Avg,Wind_Direction_Std,0.22541884566724663
T_amb_Avg,Wind_Direction_Std,0.22861741951868486
T_amb_Max,Wind_Direction_Std,0.22878563106122785
T_air,Wind_Direction_Std,0.2308181153598749
Wind_Direction_Avg,Wind_Direction_Std,0.23902616067129975
T_Wet_Bulb_Avg,Wind_Direction_Std,0.24147298203604212
Sun_Hrs_Tot,Dew_Point_Avg,0.2417725656540372
Irradiance_Avg,Wind_Speed_Max,0.24201143930998506
BattV_Min,Wind_Direction_Std,0.24247359328044682
Irradiance_Avg,Wind_Speed_Std,0.24329495599594464
P_atm_q,Irradiation_Tot,0.24753564065659092
T_amb_Min,Wind_Direction_Std,0.25215931703311856
P_Sat_vap_Avg,Irradiation_Tot,0.2537959201872587
Irradiation_Tot,Wind_Direction_SMM,0.2616577945932649
Precipitation_Tot,Wind_Direction_Std,0.26502914558588775
T_amb_Max,Irradiation_Tot,0.2665525716168004
Heat_Inedx_Avg,Irradiation_Tot,0.26703648814199826
Sun_Hrs_Tot,Pot_Irradiance_Avg,0.26892797406498675
RH_Avg,Irradiation_Tot,0.2701565715294757
Wind_Chill_Avg,Irradiation_Tot,0.2704499940832678
T_air,Irradiation_Tot,0.2707229848922565
P_atm_q,Irradiance_Avg,0.2726399636762061
T_amb_Avg,Irradiation_Tot,0.2744824679595049
Irradiation_Tot,Wind_Direction_Avg,0.27719182286730215
T_Wet_Bulb_Avg,Irradiation_Tot,0.2788097940380694
Irradiance_Avg,P_Sat_vap_Avg,0.2826316038520613
Dew_Point_Avg,Wind_Direction_Std,0.28276430942388714
BattV_Min,Irradiation_Tot,0.2859308421255254
T_amb_Min,Irradiation_Tot,0.2864435077719405
Irradiance_Avg,Wind_Direction_SMM,0.2903504719355213
T_amb_Max,Irradiance_Avg,0.29499297645424966
Irradiance_Avg,Heat_Inedx_Avg,0.29567803531757414
Sun_Hrs_Tot,Precipitation_Tot,0.29757645047505615
Irradiance_Avg,RH_Avg,0.2987517053792546
Irradiance_Avg,Wind_Chill_Avg,0.2990862738187319
T_air,Irradiance_Avg,0.2994549748333199
Pot_Irradiance_Avg,Wind_Direction_Std,0.3013904022888124
Irradiance_Avg,T_amb_Avg,0.3030787057877971
Irradiance_Avg,Wind_Direction_Avg,0.30534845937377436
Irradiance_Avg,T_Wet_Bulb_Avg,0.3067294524192337
T_amb_Min,Irradiance_Avg,0.31346384364696855
Irradiance_Avg,BattV_Min,0.314614231872779
Dew_Point_Avg,Irradiation_Tot,0.32506415412953105
Pot_Irradiance_Avg,Irradiation_Tot,0.3493524331989443
Irradiance_Avg,Dew_Point_Avg,0.3541043999224152
Irradiance_Avg,Pot_Irradiance_Avg,0.37794761724892223
Precipitation_Tot,Wind_Speed_Avg,0.39660221273571034
Precipitation_Tot,Wind_Speed_Std,0.4267769475776387
Precipitation_Tot,Wind_Speed_Max,0.42780550973840975
P_atm_q,Precipitation_Tot,0.44714434804100883
Precipitation_Tot,P_Sat_vap_Avg,0.470872746851524
Precipitation_Tot,Wind_Direction_SMM,0.47873552350105025
T_amb_Max,Precipitation_Tot,0.48240201126401255
Precipitation_Tot,Heat_Inedx_Avg,0.4841064840492033
RH_Avg,Precipitation_Tot,0.4871995824454903
Precipitation_Tot,Wind_Chill_Avg,0.48751854574719217
T_air,Precipitation_Tot,0.48777276353687843
Precipitation_Tot,T_Wet_Bulb_Avg,0.4879456926289157
Precipitation_Tot,Wind_Direction_Avg,0.4910301510992868
T_amb_Avg,Precipitation_Tot,0.4915375583287876
T_amb_Min,Precipitation_Tot,0.49924757506002787
BattV_Min,Precipitation_Tot,0.5029706935420695
Precipitation_Tot,Dew_Point_Avg,0.5393300626433024
Precipitation_Tot,Pot_Irradiance_Avg,0.5663975589526964
