Columna1,Columna2,Distancia
Sun_Hrs_Tot,Clase_O3,149.12947852008853
Sun_Hrs_Tot,Pot_Irradiance_Avg,144.0511063670848
Sun_Hrs_Tot,T_amb_Avg,122.94621364121272
Sun_Hrs_Tot,P_Sat_vap_Avg,122.47411641544034
Sun_Hrs_Tot,Heat_Inedx_Avg,121.27305885799437
Sun_Hrs_Tot,Wind_Chill_Avg,121.15300891071331
Sun_Hrs_Tot,T_air,118.42562841593127
Sun_Hrs_Tot,O3,111.91554731204664
Sun_Hrs_Tot,Wind_Direction_SMM,104.21246516278656
Sun_Hrs_Tot,T_Wet_Bulb_Avg,103.42021269659017
Sun_Hrs_Tot,RH_Avg,102.00480341332221
Sun_Hrs_Tot,CO,98.17555969350288
Sun_Hrs_Tot,Irradiance_Avg,96.62825389113128
Sun_Hrs_Tot,Wind_Speed_Max,96.08210167811919
Sun_Hrs_Tot,Wind_Speed_Std,95.89842689620923
Sun_Hrs_Tot,Wind_Speed_Avg,94.30785647122963
Sun_Hrs_Tot,Wind_Direction_Std,94.0969516909837
Sun_Hrs_Tot,SO2,93.6545475996219
Sun_Hrs_Tot,P_atm_q,87.27000668130604
Sun_Hrs_Tot,BattV_Min,87.23852346384759
Sun_Hrs_Tot,Dew_Point_Avg,86.4591712350634
Sun_Hrs_Tot,PM25,80.23669308286094
Sun_Hrs_Tot,Wind_Direction_Avg,79.84210228850954
Sun_Hrs_Tot,Irradiation_Tot,79.36308641243782
Sun_Hrs_Tot,PM10,79.303072496821
Sun_Hrs_Tot,Precipitation_Tot,54.727076844097844
