Columna1,Columna2,Distancia
P_atm_q,Pot_Irradiance_Avg,152.40646912988538
T_air,Irradiation_Tot,120.34455245643444
P_atm_q,Irradiance_Avg,118.29598595071397
P_atm_q,Irradiation_Tot,115.89238244554618
P_atm_q,Wind_Speed_Avg,97.72156406742064
T_air,Precipitation_Tot,95.9369486707684
P_atm_q,Wind_Speed_Std,93.9409826371216
P_atm_q,T_amb_Avg,93.50253197145192
P_atm_q,Heat_Inedx_Avg,92.9685924172627
P_atm_q,Wind_Chill_Avg,92.60434003526238
P_atm_q,P_Sat_vap_Avg,91.20817647219224
T_air,Wind_Direction_Std,90.40140293036684
T_air,Pot_Irradiance_Avg,89.02178829928346
T_air,Wind_Direction_SMM,88.99890028889398
T_air,BattV_Min,77.72611513769377
T_air,PM25,74.89803329144942
T_air,Wind_Speed_Avg,71.88612390448847
P_atm_q,RH_Avg,71.44951944310692
P_atm_q,T_Wet_Bulb_Avg,70.97025975502392
P_atm_q,Dew_Point_Avg,63.6562972674315
P_atm_q,PM25,63.463364013441016
T_air,Wind_Speed_Max,62.848525458401284
T_air,T_Wet_Bulb_Avg,62.6115780840629
T_air,Wind_Direction_Avg,61.88246664942465
T_air,Wind_Speed_Std,61.66322410662228
T_air,PM10,60.768984311946774
P_atm_q,PM10,60.006791784064745
T_air,Dew_Point_Avg,59.334390291331005
P_atm_q,BattV_Min,57.63999377853438
T_air,RH_Avg,56.2916723035453
P_atm_q,Precipitation_Tot,41.93813058037847
T_air,T_amb_Avg,25.66593320769082
T_air,Wind_Chill_Avg,22.35212896616011
T_air,Heat_Inedx_Avg,22.335864920522205
T_air,P_Sat_vap_Avg,20.14996252360373
