Columna1,Columna2,Distancia
BattV_Min,Pot_Irradiance_Avg,125.62178118051808
BattV_Min,Irradiation_Tot,107.3142773457852
BattV_Min,Heat_Inedx_Avg,85.4763880512552
BattV_Min,Wind_Chill_Avg,84.89488669647365
BattV_Min,P_Sat_vap_Avg,81.39266529367859
PM10,Wind_Direction_Std,79.44275607366428
BattV_Min,Precipitation_Tot,78.68068279477853
BattV_Min,Wind_Speed_Avg,78.36834298372378
PM10,Wind_Direction_SMM,75.92140846431172
BattV_Min,T_Wet_Bulb_Avg,63.38392799310915
BattV_Min,Dew_Point_Avg,60.23752772824125
PM10,Wind_Speed_Max,53.689509288048065
PM10,Wind_Speed_Std,53.2108181983579
PM10,Wind_Direction_Avg,50.426571059829996
