Columna1,Columna2,Distancia
PM25,Irradiation_Tot,92.53211878702564
PM25,P_Sat_vap_Avg,91.57820940000663
PM25,Wind_Chill_Avg,89.96888083019338
PM25,Heat_Inedx_Avg,88.67142160580349
PM25,Pot_Irradiance_Avg,87.27335948961682
PM10,Irradiation_Tot,85.82055813810695
PM25,T_Wet_Bulb_Avg,84.53550863141463
PM25,Wind_Direction_SMM,82.57880690223577
PM25,Wind_Direction_Std,82.22468686634843
PM10,Pot_Irradiance_Avg,74.67475683208094
PM10,T_Wet_Bulb_Avg,73.81071155080235
PM10,P_Sat_vap_Avg,71.69995248406984
PM10,Wind_Chill_Avg,71.1616261974956
PM10,Heat_Inedx_Avg,70.40602095363536
PM25,Wind_Speed_Avg,63.594282630086404
PM10,Dew_Point_Avg,63.590457673075335
PM10,Precipitation_Tot,62.1221600902547
PM10,Wind_Speed_Avg,58.67921999553602
PM25,Wind_Direction_Avg,57.71411172196828
PM25,Wind_Speed_Max,56.752136809801335
PM25,Wind_Speed_Std,56.214698183850786
PM10,BattV_Min,55.094189362957614
