Columna1,Columna2,Distancia
T_Wet_Bulb_Avg,Pot_Irradiance_Avg,133.9349732283775
T_Wet_Bulb_Avg,Irradiation_Tot,122.60826223724636
Heat_Inedx_Avg,Irradiation_Tot,120.88691457617986
T_Wet_Bulb_Avg,Wind_Direction_SMM,105.7814506367458
Dew_Point_Avg,Irradiation_Tot,99.92179640333694
T_Wet_Bulb_Avg,Wind_Direction_Std,97.45719773904426
Dew_Point_Avg,Wind_Direction_SMM,94.59237357239452
T_Wet_Bulb_Avg,Wind_Speed_Avg,87.90700240802731
Dew_Point_Avg,Wind_Direction_Std,87.73308828609422
Heat_Inedx_Avg,Pot_Irradiance_Avg,87.32030524644246
T_Wet_Bulb_Avg,Wind_Speed_Max,85.11584542489655
T_Wet_Bulb_Avg,Wind_Speed_Std,81.98773695429254
T_Wet_Bulb_Avg,Wind_Direction_Avg,77.3509519073726
Dew_Point_Avg,Wind_Speed_Avg,75.40632266250805
Dew_Point_Avg,Wind_Speed_Max,71.80549021000036
T_Wet_Bulb_Avg,Heat_Inedx_Avg,70.60429229339593
T_Wet_Bulb_Avg,Wind_Chill_Avg,69.66237652286496
T_Wet_Bulb_Avg,P_Sat_vap_Avg,69.14802027383165
Dew_Point_Avg,Wind_Speed_Std,69.01772538116337
Dew_Point_Avg,Wind_Direction_Avg,66.54441386460734
Dew_Point_Avg,P_Sat_vap_Avg,63.393130078982786
Heat_Inedx_Avg,P_Sat_vap_Avg,21.5158008404873
Heat_Inedx_Avg,Wind_Chill_Avg,6.4234031044993625
