Columna1,Columna2,Distancia
O3,Pot_Irradiance_Avg,174.02573724605202
T_air,Irradiance_Avg,129.52648339838487
O3,Wind_Direction_SMM,127.61441891455017
O3,T_amb_Avg,119.40714588610939
O3,Irradiation_Tot,119.2350648616684
O3,P_Sat_vap_Avg,116.81474042731874
O3,Heat_Inedx_Avg,116.28458551935653
O3,Wind_Chill_Avg,114.88124192839165
O3,Irradiance_Avg,112.98229247709608
O3,Wind_Speed_Max,110.35888010386923
O3,T_air,107.82045895781972
O3,Wind_Speed_Std,107.1804402475585
O3,Wind_Direction_Std,106.27137708814652
O3,Wind_Speed_Avg,105.4259762562955
O3,Wind_Direction_Avg,103.3685739841475
O3,RH_Avg,93.20671508002343
T_air,P_atm_q,85.69226813504417
O3,T_Wet_Bulb_Avg,81.02170043434401
O3,BattV_Min,75.57227817940819
O3,Dew_Point_Avg,75.29749770684292
O3,PM25,70.0138407657942
O3,PM10,67.29481352079578
CO,Wind_Direction_SMM,65.4513922100172
CO,Wind_Direction_Std,62.46531886948354
T_air,RH_Avg,56.2916723035453
CO,Wind_Speed_Max,52.96546411879317
CO,Wind_Speed_Std,52.85206999315121
CO,Wind_Direction_Avg,49.93239078509076
O3,P_atm_q,40.683065672722954
T_air,T_amb_Avg,25.66593320769082
O3,Precipitation_Tot,24.090331311738783
