Columna1,Columna2,Distancia
RH_Avg,Pot_Irradiance_Avg,107.51101363154864
RH_Avg,Irradiation_Tot,95.4109282851292
RH_Avg,Wind_Direction_SMM,88.0401360542898
T_amb_Avg,Wind_Direction_SMM,86.19115505433197
RH_Avg,Precipitation_Tot,85.99835362905117
RH_Avg,Wind_Direction_Std,82.92846650650559
RH_Avg,PM25,72.92271234263296
RH_Avg,Wind_Speed_Avg,72.2149816331939
PM25,Dew_Point_Avg,72.04759660396846
RH_Avg,BattV_Min,71.08516474414994
RH_Avg,Wind_Speed_Max,67.86798760893323
RH_Avg,Wind_Speed_Std,65.4860671058886
T_amb_Avg,Wind_Speed_Max,63.40898568575344
RH_Avg,PM10,61.97259859160787
PM25,BattV_Min,61.7122730765417
RH_Avg,P_Sat_vap_Avg,61.270245785603166
RH_Avg,Heat_Inedx_Avg,61.2321981706236
RH_Avg,Wind_Chill_Avg,61.006931821383354
RH_Avg,Wind_Direction_Avg,60.48466440945668
PM25,Precipitation_Tot,54.234275993471876
RH_Avg,T_Wet_Bulb_Avg,48.19750604709248
RH_Avg,Dew_Point_Avg,42.527996881612104
PM25,PM10,26.849504517463597
