Columna1,Columna2,Distancia
Precipitation_Tot,Pot_Irradiance_Avg,143.03031103156334
Dew_Point_Avg,Pot_Irradiance_Avg,121.09859109047
Precipitation_Tot,P_Sat_vap_Avg,105.16604378217684
Precipitation_Tot,Wind_Direction_SMM,104.41084537103917
Precipitation_Tot,Heat_Inedx_Avg,100.48922077073988
Precipitation_Tot,Wind_Chill_Avg,99.41652044841261
BattV_Min,Wind_Direction_SMM,97.23968407112099
BattV_Min,Wind_Direction_Std,93.84621131710837
Precipitation_Tot,Irradiation_Tot,87.75336329112423
Precipitation_Tot,Wind_Direction_Std,86.48943932163137
Precipitation_Tot,Wind_Speed_Avg,81.87360556497663
Precipitation_Tot,Wind_Speed_Max,81.39709562938496
Precipitation_Tot,Wind_Direction_Avg,80.81363624022661
Precipitation_Tot,Wind_Speed_Std,79.83265251875743
BattV_Min,Wind_Speed_Max,75.90109026566427
BattV_Min,Wind_Speed_Std,73.22651574486125
BattV_Min,Wind_Direction_Avg,70.40034129660206
Dew_Point_Avg,Heat_Inedx_Avg,66.32847544252033
Dew_Point_Avg,Wind_Chill_Avg,66.03674174985154
Precipitation_Tot,Dew_Point_Avg,65.43314825490775
Precipitation_Tot,T_Wet_Bulb_Avg,59.078326736098994
Dew_Point_Avg,T_Wet_Bulb_Avg,30.90596301410379
