Columna1,Columna2,Distancia
Irradiance_Avg,P_Sat_vap_Avg,140.3809085593336
Irradiance_Avg,Heat_Inedx_Avg,131.50096011984553
Irradiance_Avg,Wind_Chill_Avg,129.53764602092167
Irradiance_Avg,T_Wet_Bulb_Avg,124.30551243454399
T_amb_Avg,Precipitation_Tot,101.26224517455316
T_amb_Avg,PM25,88.79860024237662
T_amb_Avg,BattV_Min,85.75660438936687
Irradiance_Avg,Wind_Speed_Max,72.45934660652999
T_amb_Avg,T_Wet_Bulb_Avg,72.05592235769785
Irradiance_Avg,Wind_Speed_Std,71.9404015104701
T_amb_Avg,PM10,71.16315690788265
Irradiance_Avg,Pot_Irradiance_Avg,70.65889579548104
Irradiance_Avg,Wind_Direction_Avg,70.36528194029121
Irradiance_Avg,Wind_Speed_Avg,69.1956552757771
T_amb_Avg,Dew_Point_Avg,66.55865143667792
T_amb_Avg,RH_Avg,63.48828404066898
Irradiance_Avg,Wind_Direction_SMM,62.19439020076725
Irradiance_Avg,Wind_Direction_Std,61.32606957148839
Irradiance_Avg,Irradiation_Tot,58.970885825669924
