Columna1,Columna2,Distancia
P_atm_q,Pot_Irradiance_Avg,152.40646912988538
Irradiance_Avg,Heat_Inedx_Avg,131.50096011984553
Irradiance_Avg,T_amb_Avg,125.87908130646812
Irradiance_Avg,T_Wet_Bulb_Avg,124.30551243454399
P_atm_q,Irradiation_Tot,115.89238244554618
P_atm_q,Wind_Direction_SMM,113.36424884386608
Irradiance_Avg,BattV_Min,110.88172846561392
Irradiance_Avg,Dew_Point_Avg,106.74261982200757
Irradiance_Avg,RH_Avg,104.52948966792817
P_atm_q,Wind_Direction_Std,101.67410419104408
Irradiance_Avg,PM25,100.18829425516833
P_atm_q,Wind_Speed_Avg,97.72156406742064
P_atm_q,Wind_Speed_Max,96.22047110600374
Irradiance_Avg,PM10,94.85118358147793
Irradiance_Avg,Precipitation_Tot,94.03377374821541
P_atm_q,Wind_Speed_Std,93.9409826371216
P_atm_q,Wind_Chill_Avg,92.60434003526238
P_atm_q,P_Sat_vap_Avg,91.20817647219224
P_atm_q,Wind_Direction_Avg,88.40134348859301
