Columna1,Columna2,Distancia
T_amb_Max,Irradiance_Avg,178.01845417410402
T_amb_Max,SO2,133.07582443286128
T_amb_Max,CO,127.40539801962281
T_amb_Max,T_amb_Avg,115.72193783005922
T_amb_Max,NO2,114.45299088265935
T_amb_Max,PM25,104.7246996360187
T_amb_Max,T_air,103.7133699958717
T_amb_Max,O3,101.42388822112454
T_amb_Max,RH_Avg,99.66314410402855
T_amb_Max,PM10,92.98500766318271
T_amb_Max,BattV_Min,85.10482250179594
T_amb_Max,T_amb_Min,78.11785175726833
T_amb_Max,Precipitation_Tot,71.83313000693808
T_amb_Max,P_atm_q,71.2264193074996
