Columna1,Columna2,Distancia
T_amb_Min,Irradiation_Tot,194.2321388342893
T_amb_Min,Pot_Irradiance_Avg,172.80363555558776
T_amb_Min,Wind_Direction_Std,149.80812919429127
T_amb_Min,Wind_Direction_SMM,149.1026084439233
T_amb_Min,Wind_Speed_Avg,136.43936950763214
T_amb_Min,Wind_Speed_Max,134.24062566017636
T_amb_Min,Wind_Speed_Std,130.726823332763
T_amb_Min,Wind_Direction_Avg,120.45675651524134
T_amb_Min,Heat_Inedx_Avg,114.31207490192975
T_amb_Min,Wind_Chill_Avg,113.48294142453656
T_amb_Min,P_Sat_vap_Avg,110.31034002470227
T_amb_Min,PM10,109.96687134199003
T_amb_Min,BattV_Min,98.78416569736979
NO2,Irradiance_Avg,79.87315554864904
T_amb_Min,Dew_Point_Avg,72.33326795769054
NO2,O3,71.25768789935766
T_amb_Min,Precipitation_Tot,70.35735650990158
NO2,P_atm_q,69.93616081481578
NO2,T_air,69.79766666229901
T_amb_Min,T_Wet_Bulb_Avg,63.427782173578315
NO2,SO2,60.16746526676149
NO2,CO,58.34350825139382
