Columna1,Columna2,Distancia
SO2,O3,122.36259109484728
SO2,P_atm_q,92.74686500631007
NO2,Pot_Irradiance_Avg,88.64551341193454
SO2,Irradiance_Avg,82.81369832466635
NO2,Wind_Direction_SMM,74.46548388510165
NO2,P_Sat_vap_Avg,74.34625535754355
NO2,Heat_Inedx_Avg,72.34350943338006
NO2,Wind_Chill_Avg,71.88495396502404
SO2,T_air,68.65704179497527
SO2,T_amb_Avg,67.20421653601704
SO2,CO,66.15272275916915
NO2,Wind_Direction_Std,64.97250458800984
NO2,T_Wet_Bulb_Avg,64.75703424347236
NO2,BattV_Min,62.26766800595298
NO2,Irradiation_Tot,61.253760123375535
NO2,Dew_Point_Avg,56.51342806768714
NO2,Wind_Speed_Avg,55.131646934901035
NO2,Wind_Speed_Max,52.53505575373235
NO2,Wind_Speed_Std,51.30559909144727
NO2,Precipitation_Tot,50.13995167727954
NO2,Wind_Direction_Avg,49.794803327288925
NO2,PM10,48.35369818724165
