Columna1,Columna2,Distancia
SO2,T_Wet_Bulb_Avg,89.46557060074744
SO2,Pot_Irradiance_Avg,84.40361118307781
SO2,BattV_Min,82.87675735522515
SO2,Precipitation_Tot,78.8559337621948
SO2,Dew_Point_Avg,76.4487609209486
SO2,RH_Avg,71.85502711178894
SO2,Wind_Chill_Avg,70.8746265510178
SO2,Heat_Inedx_Avg,70.2999979915612
SO2,P_Sat_vap_Avg,69.85415979648342
SO2,T_amb_Avg,67.20421653601704
SO2,Wind_Speed_Avg,66.10173353289629
SO2,Irradiation_Tot,64.47380732948223
SO2,PM25,60.552899409558485
SO2,PM10,56.63883603818119
