Columna1,Columna2,Distancia
CO,O3,100.75377893367539
CO,P_atm_q,93.76224149885635
CO,T_Wet_Bulb_Avg,87.74367749897598
SO2,Pot_Irradiance_Avg,84.40361118307781
CO,Precipitation_Tot,83.70735964332685
CO,Heat_Inedx_Avg,79.62064332300693
CO,Dew_Point_Avg,77.1836112046059
CO,T_air,77.0667579272992
SO2,Wind_Direction_SMM,76.44997188326421
CO,Irradiance_Avg,75.74852584400026
CO,T_amb_Avg,75.53709285553562
CO,BattV_Min,74.62277267846329
CO,RH_Avg,73.29958337246273
SO2,Wind_Direction_Std,70.947936245784
SO2,Wind_Chill_Avg,70.8746265510178
SO2,P_Sat_vap_Avg,69.85415979648342
CO,PM25,67.47169680727626
SO2,Wind_Speed_Avg,66.10173353289629
SO2,Irradiation_Tot,64.47380732948223
SO2,Wind_Speed_Max,61.64040455164597
SO2,Wind_Speed_Std,60.77641647858528
CO,PM10,59.876160689150346
SO2,Wind_Direction_Avg,56.28454556854389
