Columna1,Columna2,Distancia
Heat_Inedx_Avg,Wind_Chill_Avg,0.0035154754718160915
T_amb_Avg,Wind_Chill_Avg,0.004649896063249034
Wind_Speed_Std,Wind_Speed_Max,0.005438363988408932
T_amb_Avg,Heat_Inedx_Avg,0.007446559397503298
T_air,Wind_Chill_Avg,0.012626140166208093
T_air,Heat_Inedx_Avg,0.014465738858901678
T_air,T_amb_Avg,0.016324760810141094
T_amb_Max,Heat_Inedx_Avg,0.01766499516520554
T_amb_Max,T_Wet_Bulb_Avg,0.0180949400716341
T_air,P_Sat_vap_Avg,0.018385116805911553
T_amb_Max,Wind_Chill_Avg,0.018497472100842585
SO2,Wind_Speed_Max,0.01946029771890365
T_amb_Avg,RH_Avg,0.020493753105960928
T_amb_Max,T_amb_Avg,0.02061116608140372
T_amb_Max,T_air,0.021064893103638977
T_amb_Max,BattV_Min,0.02140765916311646
SO2,Wind_Speed_Std,0.0214618843711026
Heat_Inedx_Avg,P_Sat_vap_Avg,0.021593387105341155
T_amb_Avg,BattV_Min,0.021913983842761834
BattV_Min,Wind_Chill_Avg,0.02238950699267764
Wind_Chill_Avg,P_Sat_vap_Avg,0.02247581286556221
BattV_Min,T_Wet_Bulb_Avg,0.02287473795157583
RH_Avg,Heat_Inedx_Avg,0.022891075999858616
BattV_Min,Heat_Inedx_Avg,0.023637983160972632
RH_Avg,Wind_Chill_Avg,0.02446371649546103
T_Wet_Bulb_Avg,Wind_Direction_Avg,0.025536481009201074
T_amb_Avg,P_Sat_vap_Avg,0.025934819990797938
T_amb_Min,BattV_Min,0.027570177109969854
T_amb_Max,RH_Avg,0.027832221268285533
T_air,BattV_Min,0.028023474784629368
T_amb_Max,T_amb_Min,0.02838229391886308
Irradiance_Avg,Irradiation_Tot,0.02913502708299469
Wind_Speed_Avg,Wind_Speed_Std,0.03017816779817433
T_amb_Min,T_Wet_Bulb_Avg,0.030412616016563986
T_amb_Max,P_Sat_vap_Avg,0.030807546829599228
Wind_Speed_Avg,Wind_Speed_Max,0.03127868242435645
SO2,P_atm_q,0.0313224208157176
RH_Avg,T_Wet_Bulb_Avg,0.03151507115790142
T_Wet_Bulb_Avg,Heat_Inedx_Avg,0.03201444027729506
T_amb_Avg,T_Wet_Bulb_Avg,0.032115108468730814
T_Wet_Bulb_Avg,Wind_Chill_Avg,0.0325360267127247
RH_Avg,BattV_Min,0.032674363210106916
T_amb_Max,Wind_Direction_Avg,0.03452235799185301
P_atm_q,Wind_Speed_Std,0.03521430659834276
T_amb_Min,Wind_Direction_Avg,0.035941754732951726
PM25,PM10,0.03636660986910185
T_air,RH_Avg,0.0367598765028995
T_air,T_Wet_Bulb_Avg,0.037261481692717535
BattV_Min,Wind_Direction_Avg,0.03749882363728478
Sun_Hrs_Tot,NO2,0.03823656449507882
Sun_Hrs_Tot,PM10,0.03856786774150028
P_atm_q,Wind_Speed_Max,0.038750959380630064
T_amb_Max,P_atm_q,0.039148734905092915
SO2,Wind_Speed_Avg,0.0411730897986616
RH_Avg,P_Sat_vap_Avg,0.04125023010632513
BattV_Min,P_Sat_vap_Avg,0.04139058593727857
Sun_Hrs_Tot,PM25,0.04139636597581019
T_amb_Min,T_air,0.04143414461069582
T_amb_Min,Wind_Chill_Avg,0.041710068359681114
BattV_Min,Dew_Point_Avg,0.04178613270683896
T_amb_Min,Dew_Point_Avg,0.0419408241305235
T_amb_Min,Heat_Inedx_Avg,0.04207158614440786
NO2,CO,0.04253044343438007
SO2,P_Sat_vap_Avg,0.04265892410366919
P_atm_q,P_Sat_vap_Avg,0.04266641978993982
RH_Avg,Wind_Direction_Avg,0.04284288840156699
P_Sat_vap_Avg,Wind_Speed_Max,0.04306777621459428
P_atm_q,Heat_Inedx_Avg,0.04332057583394113
T_amb_Min,T_amb_Avg,0.043754881095099216
P_Sat_vap_Avg,Wind_Speed_Std,0.04414416720897644
P_atm_q,RH_Avg,0.04473378558054862
P_atm_q,T_Wet_Bulb_Avg,0.0451753239418613
P_atm_q,Wind_Chill_Avg,0.04544604814677129
T_amb_Max,SO2,0.04553873832139241
T_air,P_atm_q,0.04674377162722575
SO2,Heat_Inedx_Avg,0.04719105398461144
P_atm_q,T_amb_Avg,0.047191319939798825
T_Wet_Bulb_Avg,P_Sat_vap_Avg,0.04734428688250839
Irradiation_Tot,Wind_Direction_Std,0.04796203091013135
Heat_Inedx_Avg,Wind_Direction_Avg,0.048228954151881054
Wind_Direction_Avg,Wind_Direction_SMM,0.048870493316595855
Wind_Chill_Avg,Wind_Direction_Avg,0.049123510057885726
T_amb_Avg,Wind_Direction_Avg,0.04926503534393201
NO2,PM10,0.049499015431743364
SO2,RH_Avg,0.0501525643738433
SO2,Wind_Chill_Avg,0.05053818508105086
Dew_Point_Avg,T_Wet_Bulb_Avg,0.051386033693801486
SO2,T_air,0.05151869411264098
Dew_Point_Avg,Wind_Direction_Avg,0.05236876733639163
T_amb_Min,RH_Avg,0.053131264163508496
T_amb_Min,P_Sat_vap_Avg,0.053561486554028884
T_air,Wind_Direction_Avg,0.053970637902184405
T_amb_Avg,Dew_Point_Avg,0.05419746692024239
SO2,T_amb_Avg,0.054485676316815924
T_amb_Max,Wind_Speed_Max,0.05460669969376786
T_amb_Max,Wind_Speed_Std,0.055707246021790446
T_amb_Min,P_atm_q,0.056229279646923806
Heat_Inedx_Avg,Wind_Speed_Max,0.05630123860384254
SO2,Wind_Direction_Avg,0.05682091514824915
SO2,T_Wet_Bulb_Avg,0.05686163688517312
P_atm_q,Wind_Direction_Avg,0.057174070400948074
Heat_Inedx_Avg,Wind_Speed_Std,0.05738473381579092
Dew_Point_Avg,Wind_Chill_Avg,0.05761617575595541
P_atm_q,BattV_Min,0.057807762851908334
T_air,Dew_Point_Avg,0.05811968032366361
P_atm_q,Wind_Speed_Avg,0.05830152317886164
T_amb_Max,Dew_Point_Avg,0.059253855521850356
RH_Avg,Wind_Speed_Max,0.059404270875245586
Wind_Chill_Avg,Wind_Speed_Max,0.05971344177676631
T_air,Wind_Speed_Max,0.059970517143836784
RH_Avg,Wind_Speed_Std,0.06050481720326811
Wind_Chill_Avg,Wind_Speed_Std,0.060798239757060606
Dew_Point_Avg,Heat_Inedx_Avg,0.06087690967345256
T_air,Wind_Speed_Std,0.06106979298774399
P_Sat_vap_Avg,Wind_Direction_Avg,0.06228406455216161
T_Wet_Bulb_Avg,Wind_Speed_Std,0.06351496419022405
Wind_Direction_Avg,Wind_Speed_Max,0.06366302811949329
T_amb_Avg,Wind_Speed_Max,0.06373570026903985
Wind_Speed_Std,Wind_Direction_Avg,0.06449856802452236
T_amb_Avg,Wind_Speed_Std,0.06483071363329755
RH_Avg,Dew_Point_Avg,0.06483858067340847
T_Wet_Bulb_Avg,Wind_Speed_Max,0.0649235165109226
CO,Wind_Speed_Avg,0.06589321491984038
SO2,BattV_Min,0.06592692332507252
T_amb_Min,SO2,0.06615212352543381
RH_Avg,Wind_Direction_SMM,0.06631552253201936
NO2,Wind_Speed_Avg,0.06733686026627736
Dew_Point_Avg,Pot_Irradiance_Avg,0.06923547796034292
Sun_Hrs_Tot,CO,0.0701279697952268
T_Wet_Bulb_Avg,Wind_Direction_SMM,0.07104258063407948
CO,PM10,0.07144400560130927
T_amb_Min,Wind_Speed_Std,0.07270291919573434
T_amb_Min,Wind_Speed_Max,0.07370266616187339
BattV_Min,Wind_Direction_SMM,0.07408994312383048
P_Sat_vap_Avg,Wind_Speed_Avg,0.07432229365886597
Dew_Point_Avg,P_Sat_vap_Avg,0.07510375627070379
BattV_Min,Wind_Speed_Max,0.07517538197182458
BattV_Min,Wind_Speed_Std,0.07627592829984715
Irradiance_Avg,Wind_Direction_Std,0.07658677171303555
NO2,PM25,0.07761636513904026
Dew_Point_Avg,Wind_Direction_SMM,0.07776981700543803
PM25,Wind_Direction_Std,0.07841255193468825
Pot_Irradiance_Avg,Wind_Direction_Avg,0.07914966744441976
CO,Wind_Speed_Std,0.08020548123358574
T_amb_Max,Wind_Direction_SMM,0.08088860807611083
T_amb_Avg,Wind_Direction_SMM,0.08098597610644015
CO,Wind_Speed_Max,0.0815228923634252
SO2,CO,0.08212151961650509
SO2,Wind_Direction_SMM,0.08294547125452666
T_amb_Min,Wind_Direction_SMM,0.08304211697621755
Heat_Inedx_Avg,Wind_Direction_SMM,0.08393556234824189
Wind_Chill_Avg,Wind_Direction_SMM,0.0849503664621386
T_amb_Max,Wind_Speed_Avg,0.08588538211812428
BattV_Min,Pot_Irradiance_Avg,0.0861899519307625
Heat_Inedx_Avg,Wind_Speed_Avg,0.08756286991212482
T_amb_Min,Pot_Irradiance_Avg,0.08783648994904517
RH_Avg,Pot_Irradiance_Avg,0.08847813009842073
Pot_Irradiance_Avg,Wind_Direction_SMM,0.08860820455370469
T_Wet_Bulb_Avg,Pot_Irradiance_Avg,0.08919917989905479
RH_Avg,Wind_Speed_Avg,0.09068295329960198
Wind_Chill_Avg,Wind_Speed_Avg,0.0909763758533945
CO,P_atm_q,0.09106142815826691
Wind_Speed_Max,Wind_Direction_SMM,0.09121153248107493
T_air,Wind_Speed_Avg,0.09124792908407794
P_atm_q,Dew_Point_Avg,0.09253975705734362
T_Wet_Bulb_Avg,Wind_Speed_Avg,0.09294738418430094
Sun_Hrs_Tot,Wind_Direction_Std,0.09375120960902221
Wind_Speed_Avg,Wind_Direction_Avg,0.09449471130351622
PM25,Irradiation_Tot,0.09465084756425707
Wind_Speed_Std,Wind_Direction_SMM,0.09473454357802892
T_amb_Avg,Wind_Speed_Avg,0.09500884972963143
NO2,Wind_Speed_Std,0.09523921463418886
NO2,Wind_Speed_Max,0.09531945899228682
Irradiance_Avg,PM25,0.095754459852822
P_atm_q,Wind_Direction_SMM,0.09588926945788613
T_air,Wind_Direction_SMM,0.09673014306750166
T_amb_Max,Pot_Irradiance_Avg,0.0982053902562239
T_amb_Avg,Pot_Irradiance_Avg,0.09951847892738058
Sun_Hrs_Tot,Wind_Speed_Avg,0.09981950243116106
O3,PM25,0.1004067945479598
NO2,SO2,0.10158053336401575
Wind_Speed_Avg,Wind_Direction_SMM,0.10158531832423649
CO,PM25,0.1023638719816565
P_Sat_vap_Avg,Wind_Direction_SMM,0.102495892008804
T_amb_Min,Wind_Speed_Avg,0.10273094591413956
Wind_Chill_Avg,Pot_Irradiance_Avg,0.10319436480790922
Heat_Inedx_Avg,Pot_Irradiance_Avg,0.10338867767856424
SO2,Dew_Point_Avg,0.10437572107901646
BattV_Min,Wind_Speed_Avg,0.10645406439618102
CO,P_Sat_vap_Avg,0.1104172558640454
Dew_Point_Avg,Wind_Speed_Max,0.11275637183758701
Dew_Point_Avg,Wind_Speed_Std,0.1129742836903865
T_air,Pot_Irradiance_Avg,0.11332251930082389
PM10,Wind_Direction_Std,0.11422692388856458
PM10,Wind_Speed_Avg,0.11510957455594953
Sun_Hrs_Tot,Irradiation_Tot,0.11569032160372278
NO2,Wind_Direction_Std,0.11759078335355236
NO2,P_atm_q,0.1181768921763992
T_amb_Max,CO,0.12203668052926701
CO,Heat_Inedx_Avg,0.12367590983513396
Pot_Irradiance_Avg,P_Sat_vap_Avg,0.12485884730104789
CO,RH_Avg,0.12676885223199288
CO,Wind_Chill_Avg,0.1270648483389924
O3,Irradiance_Avg,0.1272871105421936
CO,T_air,0.1273347872192946
SO2,Pot_Irradiance_Avg,0.12939711298826934
CO,T_Wet_Bulb_Avg,0.1294153111316598
O3,PM10,0.1294228713083805
Sun_Hrs_Tot,Irradiance_Avg,0.12966445847156918
Sun_Hrs_Tot,Wind_Speed_Std,0.12978134204816996
CO,Wind_Direction_Avg,0.13072231370655193
Sun_Hrs_Tot,Wind_Speed_Max,0.13085705249561605
PM10,Irradiation_Tot,0.13089981738361
CO,T_amb_Avg,0.13109475792753728
Irradiance_Avg,PM10,0.1317390983030182
P_atm_q,Pot_Irradiance_Avg,0.13287505123060733
NO2,P_Sat_vap_Avg,0.13526032224551202
Sun_Hrs_Tot,O3,0.1379213695954766
O3,Wind_Direction_Std,0.13825391645741353
PM25,Wind_Speed_Avg,0.13847812276778812
Pot_Irradiance_Avg,Wind_Speed_Max,0.13860120481785249
T_amb_Min,CO,0.1389306549899936
Sun_Hrs_Tot,SO2,0.13958003638314448
Pot_Irradiance_Avg,Wind_Speed_Std,0.1397006788727362
NO2,Irradiation_Tot,0.14013852959824727
CO,BattV_Min,0.14256175398196555
PM10,Wind_Speed_Std,0.1427423525812673
Dew_Point_Avg,Wind_Speed_Avg,0.14305546591767146
PM10,Wind_Speed_Max,0.14369432508567534
O3,Irradiation_Tot,0.14438368597264736
NO2,Wind_Direction_SMM,0.14491814375574702
T_amb_Max,NO2,0.14675984031855194
NO2,Heat_Inedx_Avg,0.14845191375472142
SO2,PM10,0.14886372885686616
Sun_Hrs_Tot,P_atm_q,0.14994613605788132
NO2,RH_Avg,0.15151619858492094
NO2,Wind_Chill_Avg,0.151861940902828
NO2,T_air,0.15210692182243854
CO,Wind_Direction_SMM,0.15399819660571692
NO2,T_Wet_Bulb_Avg,0.1553743617756613
NO2,Wind_Direction_Avg,0.15584916968784598
NO2,T_amb_Avg,0.1558645706513554
NO2,Irradiance_Avg,0.15612035026989274
CO,Wind_Direction_Std,0.15714220323596115
P_atm_q,PM10,0.15880317755122422
Wind_Speed_Avg,Wind_Direction_Std,0.1594454291465845
O3,Precipitation_Tot,0.16028535241871517
T_amb_Min,NO2,0.16365920319918414
NO2,BattV_Min,0.16728750683848662
PM25,Wind_Speed_Std,0.16864733184721475
PM25,Wind_Speed_Max,0.16972829284871555
Pot_Irradiance_Avg,Wind_Speed_Avg,0.16987881496906992
Sun_Hrs_Tot,P_Sat_vap_Avg,0.17337154100357063
NO2,O3,0.17611869377633824
CO,Irradiation_Tot,0.17773070007765612
SO2,PM25,0.1789799993501179
Wind_Direction_Std,Wind_Speed_Max,0.17907424456659043
CO,Dew_Point_Avg,0.1797735189045521
Sun_Hrs_Tot,Wind_Direction_SMM,0.18123315777150786
PM10,P_Sat_vap_Avg,0.18185137227313966
Wind_Speed_Std,Wind_Direction_Std,0.18265406592636374
Sun_Hrs_Tot,T_amb_Max,0.18493462291002918
Sun_Hrs_Tot,Heat_Inedx_Avg,0.18661204707363957
SO2,Wind_Direction_Std,0.18665968334595417
CO,Irradiance_Avg,0.18773853874871543
Irradiance_Avg,Precipitation_Tot,0.1884592603759662
Irradiation_Tot,Wind_Speed_Avg,0.18944557173163062
PM10,Wind_Direction_SMM,0.18971256705820516
Sun_Hrs_Tot,RH_Avg,0.18973211239964985
Sun_Hrs_Tot,Wind_Chill_Avg,0.19002554782291636
Sun_Hrs_Tot,T_air,0.19029708995645414
Sun_Hrs_Tot,T_Wet_Bulb_Avg,0.19043759578848102
P_atm_q,PM25,0.190846454776839
T_amb_Max,PM10,0.1934468303383776
Sun_Hrs_Tot,Wind_Direction_Avg,0.1935438703994329
Sun_Hrs_Tot,T_amb_Avg,0.1940580089443181
PM10,Heat_Inedx_Avg,0.19509248459663733
RH_Avg,PM10,0.198212029240684
PM10,Wind_Chill_Avg,0.19850549175717333
T_air,PM10,0.1987780958047911
PM10,T_Wet_Bulb_Avg,0.19900852924929777
CO,O3,0.20086606774877608
Sun_Hrs_Tot,T_amb_Min,0.201780186706044
PM10,Wind_Direction_Avg,0.2020237790567928
T_amb_Avg,PM10,0.20253791748290795
NO2,Dew_Point_Avg,0.2051844193645516
Sun_Hrs_Tot,BattV_Min,0.20550322350242756
CO,Pot_Irradiance_Avg,0.20785195442639118
T_amb_Min,PM10,0.21029970353557037
PM25,P_Sat_vap_Avg,0.21277343952152392
P_Sat_vap_Avg,Wind_Direction_Std,0.21343080621488575
Irradiation_Tot,Wind_Speed_Max,0.21397005175798783
PM10,BattV_Min,0.2139831321494577
Wind_Direction_Std,Wind_Direction_SMM,0.21444801256902252
Irradiance_Avg,Wind_Speed_Avg,0.21472233138856706
P_atm_q,Wind_Direction_Std,0.215177002903639
Irradiation_Tot,Wind_Speed_Std,0.21611052165904945
Precipitation_Tot,Irradiation_Tot,0.21708396977677694
PM25,Wind_Direction_SMM,0.22063525966622505
SO2,Irradiation_Tot,0.22212671362397945
Heat_Inedx_Avg,Wind_Direction_Std,0.22217538162093514
RH_Avg,Wind_Direction_Std,0.2221945406193445
T_amb_Max,PM25,0.2243349925424835
Wind_Chill_Avg,Wind_Direction_Std,0.22541884566724663
PM25,Heat_Inedx_Avg,0.22601348089778006
T_amb_Avg,Wind_Direction_Std,0.22861741951868486
T_amb_Max,Wind_Direction_Std,0.22878563106122785
RH_Avg,PM25,0.22913256372396124
PM25,Wind_Chill_Avg,0.22942683560527946
T_air,PM25,0.22969753950843688
PM25,T_Wet_Bulb_Avg,0.2304096588006594
NO2,Pot_Irradiance_Avg,0.23071554956765836
T_air,Wind_Direction_Std,0.2308181153598749
PM25,Wind_Direction_Avg,0.23294432172787533
T_amb_Avg,PM25,0.23345855087642967
O3,Wind_Speed_Avg,0.2373794178078562
Wind_Direction_Avg,Wind_Direction_Std,0.23902616067129975
T_amb_Min,PM25,0.24118055633849866
T_Wet_Bulb_Avg,Wind_Direction_Std,0.24147298203604212
Sun_Hrs_Tot,Dew_Point_Avg,0.2417725656540372
Irradiance_Avg,Wind_Speed_Max,0.24201143930998506
BattV_Min,Wind_Direction_Std,0.24247359328044682
Irradiance_Avg,Wind_Speed_Std,0.24329495599594464
PM25,BattV_Min,0.24490367482054023
P_atm_q,Irradiation_Tot,0.24753564065659092
SO2,Irradiance_Avg,0.2501002545618811
PM10,Dew_Point_Avg,0.25026689295251053
T_amb_Min,Wind_Direction_Std,0.25215931703311856
P_Sat_vap_Avg,Irradiation_Tot,0.2537959201872587
PM25,Precipitation_Tot,0.2581318880170277
Irradiation_Tot,Wind_Direction_SMM,0.2616577945932649
Precipitation_Tot,Wind_Direction_Std,0.26502914558588775
T_amb_Max,Irradiation_Tot,0.2665525716168004
Heat_Inedx_Avg,Irradiation_Tot,0.26703648814199826
O3,Wind_Speed_Std,0.26748181102877
O3,Wind_Speed_Max,0.2685753664661795
Sun_Hrs_Tot,Pot_Irradiance_Avg,0.26892797406498675
RH_Avg,Irradiation_Tot,0.2701565715294757
Wind_Chill_Avg,Irradiation_Tot,0.2704499940832678
T_air,Irradiation_Tot,0.2707229848922565
P_atm_q,Irradiance_Avg,0.2726399636762061
T_amb_Avg,Irradiation_Tot,0.2744824679595049
Irradiation_Tot,Wind_Direction_Avg,0.27719182286730215
PM10,Pot_Irradiance_Avg,0.27742522523796703
SO2,O3,0.2774823279874159
T_Wet_Bulb_Avg,Irradiation_Tot,0.2788097940380694
PM25,Dew_Point_Avg,0.28140984010583
Irradiance_Avg,P_Sat_vap_Avg,0.2826316038520613
Dew_Point_Avg,Wind_Direction_Std,0.28276430942388714
BattV_Min,Irradiation_Tot,0.2859308421255254
T_amb_Min,Irradiation_Tot,0.2864435077719405
O3,P_atm_q,0.287434007363174
PM10,Precipitation_Tot,0.28910059564214774
Irradiance_Avg,Wind_Direction_SMM,0.2903504719355213
T_amb_Max,Irradiance_Avg,0.29499297645424966
Irradiance_Avg,Heat_Inedx_Avg,0.29567803531757414
Sun_Hrs_Tot,Precipitation_Tot,0.29757645047505615
Irradiance_Avg,RH_Avg,0.2987517053792546
Irradiance_Avg,Wind_Chill_Avg,0.2990862738187319
T_air,Irradiance_Avg,0.2994549748333199
Pot_Irradiance_Avg,Wind_Direction_Std,0.3013904022888124
Irradiance_Avg,T_amb_Avg,0.3030787057877971
Irradiance_Avg,Wind_Direction_Avg,0.30534845937377436
Irradiance_Avg,T_Wet_Bulb_Avg,0.3067294524192337
PM25,Pot_Irradiance_Avg,0.30832845922599267
O3,P_Sat_vap_Avg,0.3112742327164173
T_amb_Min,Irradiance_Avg,0.31346384364696855
Irradiance_Avg,BattV_Min,0.314614231872779
O3,Wind_Direction_SMM,0.3191351479255709
T_amb_Max,O3,0.3228373211797814
O3,Heat_Inedx_Avg,0.3245148089737821
Dew_Point_Avg,Irradiation_Tot,0.32506415412953105
O3,RH_Avg,0.32763489236125903
O3,Wind_Chill_Avg,0.32792831491505114
O3,T_air,0.32819986814573526
O3,T_Wet_Bulb_Avg,0.3282087722950353
O3,Wind_Direction_Avg,0.33144665036517323
O3,T_amb_Avg,0.33196078879128865
NO2,Precipitation_Tot,0.33568338386056923
T_amb_Min,O3,0.33968288497579635
O3,BattV_Min,0.34340600345783856
Pot_Irradiance_Avg,Irradiation_Tot,0.3493524331989443
Irradiance_Avg,Dew_Point_Avg,0.3541043999224152
CO,Precipitation_Tot,0.3604558135656277
Irradiance_Avg,Pot_Irradiance_Avg,0.37794761724892223
O3,Dew_Point_Avg,0.3795811429174231
Precipitation_Tot,Wind_Speed_Avg,0.39660221273571034
O3,Pot_Irradiance_Avg,0.40683075403072694
Precipitation_Tot,Wind_Speed_Std,0.4267769475776387
Precipitation_Tot,Wind_Speed_Max,0.42780550973840975
SO2,Precipitation_Tot,0.4370551653878095
P_atm_q,Precipitation_Tot,0.44714434804100883
Precipitation_Tot,P_Sat_vap_Avg,0.470872746851524
Precipitation_Tot,Wind_Direction_SMM,0.47873552350105025
T_amb_Max,Precipitation_Tot,0.48240201126401255
Precipitation_Tot,Heat_Inedx_Avg,0.4841064840492033
RH_Avg,Precipitation_Tot,0.4871995824454903
Precipitation_Tot,Wind_Chill_Avg,0.48751854574719217
T_air,Precipitation_Tot,0.48777276353687843
Precipitation_Tot,T_Wet_Bulb_Avg,0.4879456926289157
Precipitation_Tot,Wind_Direction_Avg,0.4910301510992868
T_amb_Avg,Precipitation_Tot,0.4915375583287876
T_amb_Min,Precipitation_Tot,0.49924757506002787
BattV_Min,Precipitation_Tot,0.5029706935420695
Precipitation_Tot,Dew_Point_Avg,0.5393300626433024
Precipitation_Tot,Pot_Irradiance_Avg,0.5663975589526964
